timestamp_recv_us,can_id,signal_name,brake_level,latency_us
1790312369613374,0x110,BRAKE_NORMAL,30,146
1790312369668798,0x110,BRAKE_NORMAL,30,135
1790312369721608,0x10,BRAKE_EMERGENCY,95,132
1790312369771910,0x10,BRAKE_EMERGENCY,95,118
1790312369825912,0x110,BRAKE_NORMAL,30,134
1790312369876477,0x110,BRAKE_NORMAL,30,210
1790312369926860,0x110,BRAKE_NORMAL,30,187
1790312369980620,0x110,BRAKE_NORMAL,30,125
1790312370035490,0x110,BRAKE_NORMAL,30,182
1790312370088193,0x10,BRAKE_EMERGENCY,95,160
1790312370142131,0x110,BRAKE_NORMAL,30,176
1790312370194679,0x110,BRAKE_NORMAL,30,184
1790312370246448,0x10,BRAKE_EMERGENCY,95,140
1790312370299558,0x110,BRAKE_NORMAL,30,196
1790312370350894,0x10,BRAKE_EMERGENCY,95,210
1790312370403077,0x110,BRAKE_NORMAL,30,211
1790312370454480,0x110,BRAKE_NORMAL,30,156
1790312370506819,0x10,BRAKE_EMERGENCY,95,177
1790312370558603,0x10,BRAKE_EMERGENCY,95,189
1790312370609904,0x110,BRAKE_NORMAL,30,160
1790312370660727,0x10,BRAKE_EMERGENCY,95,60
1790312370711067,0x110,BRAKE_NORMAL,30,136
1790312370762046,0x10,BRAKE_EMERGENCY,95,205
1790312370812337,0x10,BRAKE_EMERGENCY,95,113
1790312370864756,0x10,BRAKE_EMERGENCY,95,186
1790312370917264,0x110,BRAKE_NORMAL,30,207
1790312370969567,0x10,BRAKE_EMERGENCY,95,169
1790312371021832,0x10,BRAKE_EMERGENCY,95,216
1790312371073914,0x10,BRAKE_EMERGENCY,95,146
1790312371127724,0x110,BRAKE_NORMAL,30,154
1790312371179019,0x10,BRAKE_EMERGENCY,95,124
1790312371230331,0x110,BRAKE_NORMAL,30,160
1790312371281216,0x110,BRAKE_NORMAL,30,169
1790312371336076,0x10,BRAKE_EMERGENCY,95,134
1790312371387450,0x110,BRAKE_NORMAL,30,153
1790312371438777,0x10,BRAKE_EMERGENCY,95,182
1790312371490790,0x10,BRAKE_EMERGENCY,95,164
1790312371541534,0x10,BRAKE_EMERGENCY,95,173
1790312371592293,0x110,BRAKE_NORMAL,30,135
1790312371643916,0x110,BRAKE_NORMAL,30,176
1790312371694734,0x10,BRAKE_EMERGENCY,95,66
1790312371746291,0x110,BRAKE_NORMAL,30,292
1790312371799623,0x110,BRAKE_NORMAL,30,186
1790312371854410,0x10,BRAKE_EMERGENCY,95,188
1790312371908774,0x10,BRAKE_EMERGENCY,95,168
1790312371958897,0x110,BRAKE_NORMAL,30,173
1790312372011317,0x10,BRAKE_EMERGENCY,95,205
1790312372065886,0x10,BRAKE_EMERGENCY,95,188
1790312372120560,0x10,BRAKE_EMERGENCY,95,211
1790312372174807,0x110,BRAKE_NORMAL,30,196
1790312372225458,0x10,BRAKE_EMERGENCY,95,148
1790312372279414,0x110,BRAKE_NORMAL,30,153
1790312372331408,0x10,BRAKE_EMERGENCY,95,168
1790312372384396,0x10,BRAKE_EMERGENCY,95,168
1790312372438385,0x10,BRAKE_EMERGENCY,95,142
1790312372492221,0x10,BRAKE_EMERGENCY,95,172
1790312372546118,0x10,BRAKE_EMERGENCY,95,159
1790312372600254,0x110,BRAKE_NORMAL,30,149
1790312372651794,0x10,BRAKE_EMERGENCY,95,161
1790312372706229,0x10,BRAKE_EMERGENCY,95,165
1790312372760993,0x110,BRAKE_NORMAL,30,187
1790312372814753,0x110,BRAKE_NORMAL,30,173
1790312372868467,0x10,BRAKE_EMERGENCY,95,146
1790312372919995,0x10,BRAKE_EMERGENCY,95,173
1790312372970389,0x110,BRAKE_NORMAL,30,115
1790312373020741,0x110,BRAKE_NORMAL,30,195
1790312373070988,0x10,BRAKE_EMERGENCY,95,72
1790312373121974,0x10,BRAKE_EMERGENCY,95,58
1790312373174320,0x110,BRAKE_NORMAL,30,145
1790312373224942,0x10,BRAKE_EMERGENCY,95,154
1790312373275383,0x10,BRAKE_EMERGENCY,95,69
1790312373329367,0x110,BRAKE_NORMAL,30,165
1790312373379425,0x10,BRAKE_EMERGENCY,95,58
1790312373433555,0x110,BRAKE_NORMAL,30,162
1790312373486211,0x110,BRAKE_NORMAL,30,1578
1790312373536849,0x10,BRAKE_EMERGENCY,95,157
1790312373588402,0x110,BRAKE_NORMAL,30,187
1790312373638638,0x10,BRAKE_EMERGENCY,95,143
1790312373691210,0x10,BRAKE_EMERGENCY,95,259
1790312373744125,0x110,BRAKE_NORMAL,30,178
1790312373796008,0x10,BRAKE_EMERGENCY,95,147
1790312373848827,0x10,BRAKE_EMERGENCY,95,194
1790312373901787,0x110,BRAKE_NORMAL,30,158
1790312373953930,0x110,BRAKE_NORMAL,30,197
1790312374006271,0x110,BRAKE_NORMAL,30,280
1790312374057263,0x110,BRAKE_NORMAL,30,165
1790312374107767,0x10,BRAKE_EMERGENCY,95,154
1790312374159975,0x110,BRAKE_NORMAL,30,195
1790312374211984,0x10,BRAKE_EMERGENCY,95,203
1790312374264801,0x10,BRAKE_EMERGENCY,95,190
1790312374317694,0x10,BRAKE_EMERGENCY,95,279
1790312374368474,0x110,BRAKE_NORMAL,30,143
1790312374419311,0x110,BRAKE_NORMAL,30,192
1790312374470619,0x110,BRAKE_NORMAL,30,118
1790312374523019,0x10,BRAKE_EMERGENCY,95,154
1790312374573944,0x110,BRAKE_NORMAL,30,185
1790312374625978,0x10,BRAKE_EMERGENCY,95,193
1790312374679064,0x10,BRAKE_EMERGENCY,95,206
1790312374731794,0x10,BRAKE_EMERGENCY,95,137
1790312374784265,0x110,BRAKE_NORMAL,30,251
1790312374835443,0x10,BRAKE_EMERGENCY,95,73
1790312374888569,0x10,BRAKE_EMERGENCY,95,212
1790312374940730,0x110,BRAKE_NORMAL,30,172
1790312374993412,0x110,BRAKE_NORMAL,30,157
1790312375044506,0x10,BRAKE_EMERGENCY,95,148
1790312375096242,0x10,BRAKE_EMERGENCY,95,166
1790312375147099,0x110,BRAKE_NORMAL,30,167
1790312375197929,0x110,BRAKE_NORMAL,30,164
1790312375252223,0x110,BRAKE_NORMAL,30,271
1790312375302612,0x110,BRAKE_NORMAL,30,146
1790312375353806,0x10,BRAKE_EMERGENCY,95,224
1790312375406094,0x110,BRAKE_NORMAL,30,163
1790312375460865,0x10,BRAKE_EMERGENCY,95,195
1790312375512041,0x110,BRAKE_NORMAL,30,135
1790312375564084,0x110,BRAKE_NORMAL,30,226
1790312375616915,0x110,BRAKE_NORMAL,30,193
1790312375667758,0x10,BRAKE_EMERGENCY,95,156
1790312375719354,0x10,BRAKE_EMERGENCY,95,175
1790312375770958,0x10,BRAKE_EMERGENCY,95,177
1790312375825085,0x110,BRAKE_NORMAL,30,191
1790312375877768,0x110,BRAKE_NORMAL,30,162
1790312375928701,0x10,BRAKE_EMERGENCY,95,144
1790312375979873,0x10,BRAKE_EMERGENCY,95,116
1790312376034778,0x10,BRAKE_EMERGENCY,95,220
1790312376087700,0x110,BRAKE_NORMAL,30,198
1790312376138478,0x10,BRAKE_EMERGENCY,95,174
1790312376190078,0x10,BRAKE_EMERGENCY,95,144
1790312376242569,0x10,BRAKE_EMERGENCY,95,149
1790312376293062,0x110,BRAKE_NORMAL,30,116
1790312376346982,0x10,BRAKE_EMERGENCY,95,169
1790312376398294,0x110,BRAKE_NORMAL,30,168
1790312376449507,0x110,BRAKE_NORMAL,30,128
1790312376503988,0x10,BRAKE_EMERGENCY,95,166
1790312376555805,0x10,BRAKE_EMERGENCY,95,173
1790312376607734,0x110,BRAKE_NORMAL,30,209
1790312376659233,0x110,BRAKE_NORMAL,30,134
1790312376711641,0x110,BRAKE_NORMAL,30,118
1790312376763254,0x10,BRAKE_EMERGENCY,95,184
1790312376813978,0x10,BRAKE_EMERGENCY,95,125
1790312376864748,0x10,BRAKE_EMERGENCY,95,192
1790312376915470,0x110,BRAKE_NORMAL,30,148
1790312376965968,0x10,BRAKE_EMERGENCY,95,129
1790312377016637,0x10,BRAKE_EMERGENCY,95,131
1790312377067382,0x110,BRAKE_NORMAL,30,143
1790312377117949,0x10,BRAKE_EMERGENCY,95,107
1790312377171946,0x10,BRAKE_EMERGENCY,95,241
1790312377222669,0x10,BRAKE_EMERGENCY,95,144
1790312377277372,0x110,BRAKE_NORMAL,30,196
1790312377329267,0x110,BRAKE_NORMAL,30,174
1790312377382031,0x10,BRAKE_EMERGENCY,95,261
1790312377434314,0x10,BRAKE_EMERGENCY,95,167
1790312377486531,0x110,BRAKE_NORMAL,30,187
1790312377537424,0x10,BRAKE_EMERGENCY,95,169
1790312377589684,0x10,BRAKE_EMERGENCY,95,171
1790312377642206,0x10,BRAKE_EMERGENCY,95,195
1790312377694284,0x110,BRAKE_NORMAL,30,166
1790312377746638,0x110,BRAKE_NORMAL,30,171
1790312377798829,0x110,BRAKE_NORMAL,30,226
1790312377851521,0x10,BRAKE_EMERGENCY,95,204
1790312377901703,0x10,BRAKE_EMERGENCY,95,133
1790312377952641,0x10,BRAKE_EMERGENCY,95,76
1790312378002936,0x110,BRAKE_NORMAL,30,100
1790312378053849,0x110,BRAKE_NORMAL,30,218
1790312378108969,0x110,BRAKE_NORMAL,30,133
1790312378162797,0x110,BRAKE_NORMAL,30,161
1790312378217498,0x110,BRAKE_NORMAL,30,118
1790312378272692,0x10,BRAKE_EMERGENCY,95,213
1790312378326323,0x10,BRAKE_EMERGENCY,95,160
1790312378380188,0x10,BRAKE_EMERGENCY,95,184
1790312378433130,0x10,BRAKE_EMERGENCY,95,149
1790312378486706,0x110,BRAKE_NORMAL,30,197
1790312378539976,0x10,BRAKE_EMERGENCY,95,168
1790312378592305,0x10,BRAKE_EMERGENCY,95,217
1790312378644828,0x10,BRAKE_EMERGENCY,95,177
1790312378697595,0x110,BRAKE_NORMAL,30,227
1790312378750122,0x10,BRAKE_EMERGENCY,95,215
1790312378802244,0x10,BRAKE_EMERGENCY,95,184
1790312378854521,0x10,BRAKE_EMERGENCY,95,346
1790312378907198,0x10,BRAKE_EMERGENCY,95,200
1790312378960066,0x110,BRAKE_NORMAL,30,237
1790312379012688,0x110,BRAKE_NORMAL,30,165
1790312379064952,0x110,BRAKE_NORMAL,30,228
1790312379115714,0x110,BRAKE_NORMAL,30,160
1790312379169986,0x110,BRAKE_NORMAL,30,197
1790312379223477,0x10,BRAKE_EMERGENCY,95,155
1790312379276688,0x110,BRAKE_NORMAL,30,165
1790312379327064,0x10,BRAKE_EMERGENCY,95,181
1790312379380291,0x110,BRAKE_NORMAL,30,212
1790312379433166,0x110,BRAKE_NORMAL,30,214
1790312379536705,0x110,BRAKE_NORMAL,30,158
1790312379587754,0x110,BRAKE_NORMAL,30,111
1790312379639159,0x110,BRAKE_NORMAL,30,142
1790312379691542,0x110,BRAKE_NORMAL,30,240
1790312379845601,0x110,BRAKE_NORMAL,30,162
1790312379897367,0x110,BRAKE_NORMAL,30,220
1790312379999267,0x110,BRAKE_NORMAL,30,176
1790312380101923,0x110,BRAKE_NORMAL,30,169
1790312380365466,0x110,BRAKE_NORMAL,30,225
1790312380674151,0x110,BRAKE_NORMAL,30,163
1790312380727222,0x110,BRAKE_NORMAL,30,162
