run,scenario_id,scenario,true_cause,dtcs,n_dtc,top1,top1_score,rank_true,top1_ok,top3_ok,n_causes,rank_dtc_only,top1_dtc_only,top3_dtc_only,inject_ms,req03_ms,infer_us,thr,rpm,speed,coolant,iat,maf,volt
1,2,"Cảm biến MAF bẩn","Cảm biến MAF sai lệch (bẩn hoặc hỏng)","P0171",1,"Cảm biến MAF sai lệch (bẩn hoặc hỏng)",0.7900,1,1,1,3,2,0,1,1.8441,2.6749,7030.2000,6.6667,834.0000,14.0000,86.0000,32.0000,1.4400,13.8790
2,2,"Cảm biến MAF bẩn","Cảm biến MAF sai lệch (bẩn hoặc hỏng)","P0171",1,"Cảm biến MAF sai lệch (bẩn hoặc hỏng)",0.7900,1,1,1,3,2,0,1,1.0813,1.2339,700.5000,7.8431,925.2500,2.0000,85.0000,32.0000,1.5700,13.8000
3,8,"Máy phát hỏng","Hệ thống sạc hỏng (máy phát, bộ điều áp, dây đai)","P0562",1,"Hệ thống sạc hỏng (máy phát, bộ điều áp, dây đai)",0.7900,1,1,1,2,2,0,1,1.6697,1.6832,312.5000,28.6275,1687.2500,29.0000,86.0000,32.0000,5.7700,11.2330
4,4,"Bugi mòn","Bugi mòn","P0300 P0301",2,"Bugi mòn",0.6700,1,1,1,5,1,1,1,0.6523,1.5640,133.7000,42.7451,2223.5000,53.0000,87.0000,33.0000,7.1000,13.9000
5,7,"Mất tín hiệu tốc độ xe","Mất tín hiệu tốc độ xe (cảm biến, dây dẫn hoặc liên lạc ABS)","P0500",1,"Mất tín hiệu tốc độ xe (cảm biến, dây dẫn hoặc liên lạc ABS)",0.9400,1,1,1,1,1,1,1,0.6564,1.6166,160.9000,45.0980,3034.2500,0.0000,90.0000,32.0000,15.3600,13.8160
6,4,"Bugi mòn","Bugi mòn","P0300 P0301",2,"Bugi mòn",0.6700,1,1,1,5,1,1,1,0.8542,1.1492,208.3000,15.2941,1591.2500,33.0000,92.0000,32.0000,5.8300,13.7310
7,8,"Máy phát hỏng","Hệ thống sạc hỏng (máy phát, bộ điều áp, dây đai)","P0562",1,"Hệ thống sạc hỏng (máy phát, bộ điều áp, dây đai)",0.7900,1,1,1,2,2,0,1,0.7836,1.1524,152.6000,36.0784,2059.0000,43.0000,91.0000,32.0000,8.2500,11.2000
8,2,"Cảm biến MAF bẩn","Cảm biến MAF sai lệch (bẩn hoặc hỏng)","P0171",1,"Cảm biến MAF sai lệch (bẩn hoặc hỏng)",0.7900,1,1,1,3,2,0,1,1.0110,1.3581,149.7000,8.6275,897.0000,7.0000,91.0000,32.0000,1.5300,13.8130
9,5,"Quạt làm mát hỏng","Quạt làm mát không hoạt động","P0217",1,"Quạt làm mát không hoạt động",0.7200,1,1,1,3,2,0,1,0.9924,1.7353,150.7000,7.0588,811.0000,1.0000,112.0000,33.0000,2.3800,13.7700
10,7,"Mất tín hiệu tốc độ xe","Mất tín hiệu tốc độ xe (cảm biến, dây dẫn hoặc liên lạc ABS)","P0500",1,"Mất tín hiệu tốc độ xe (cảm biến, dây dẫn hoặc liên lạc ABS)",0.9400,1,1,1,1,1,1,1,1.0512,1.6922,78.8000,55.2941,3554.5000,0.0000,90.0000,34.0000,21.7200,13.8900
11,2,"Cảm biến MAF bẩn","Cảm biến MAF sai lệch (bẩn hoặc hỏng)","P0171",1,"Cảm biến MAF sai lệch (bẩn hoặc hỏng)",0.7900,1,1,1,3,2,0,1,0.7645,1.2863,167.9000,5.8824,1012.7500,0.0000,88.0000,34.0000,1.5600,13.7140
12,8,"Máy phát hỏng","Hệ thống sạc hỏng (máy phát, bộ điều áp, dây đai)","P0562",1,"Hệ thống sạc hỏng (máy phát, bộ điều áp, dây đai)",0.7900,1,1,1,2,2,0,1,0.9205,1.1476,94.8000,28.6275,1920.2500,32.0000,86.0000,34.0000,7.8100,11.2190
13,7,"Mất tín hiệu tốc độ xe","Mất tín hiệu tốc độ xe (cảm biến, dây dẫn hoặc liên lạc ABS)","P0500",1,"Mất tín hiệu tốc độ xe (cảm biến, dây dẫn hoặc liên lạc ABS)",0.9400,1,1,1,1,1,1,1,0.7120,1.0576,97.3000,60.7843,3446.7500,0.0000,84.0000,34.0000,21.6900,13.8400
14,4,"Bugi mòn","Bugi mòn","P0300 P0301",2,"Bugi mòn",0.6700,1,1,1,5,1,1,1,0.9942,1.3007,148.1000,45.0980,3134.0000,77.0000,86.0000,34.0000,18.3100,13.8990
15,3,"Bơm xăng yếu","Áp suất nhiên liệu bất thường (bơm yếu, lọc tắc, bộ điều áp)","P0171",1,"Rò rỉ chân không hoặc khí lọt vào đường nạp",0.4500,3,0,1,3,3,0,1,1.0594,1.1952,130.0000,27.0588,2256.7500,64.0000,87.0000,34.0000,9.3300,13.7380
16,1,"Rò rỉ chân không","Rò rỉ chân không hoặc khí lọt vào đường nạp","P0171",1,"Rò rỉ chân không hoặc khí lọt vào đường nạp",0.8625,1,1,1,3,1,1,1,0.7640,1.0606,156.3000,6.6667,1333.7500,9.0000,86.0000,34.0000,2.7400,13.8290
17,6,"Cảm biến nhiệt độ nước ngắn mạch","Cảm biến nhiệt độ nước làm mát hoặc mạch tín hiệu hỏng","P0117",1,"Cảm biến nhiệt độ nước làm mát hoặc mạch tín hiệu hỏng",0.9325,1,1,1,1,1,1,1,1.1088,1.6744,131.9000,20.7843,1250.2500,6.0000,215.0000,34.0000,3.8900,13.8040
18,5,"Quạt làm mát hỏng","Quạt làm mát không hoạt động","P0217",1,"Quạt làm mát không hoạt động",0.7200,1,1,1,3,2,0,1,0.8975,1.2008,119.8000,7.0588,912.2500,2.0000,109.0000,34.0000,2.8000,13.8060
19,5,"Quạt làm mát hỏng","Quạt làm mát không hoạt động","P0217",1,"Quạt làm mát không hoạt động",0.7200,1,1,1,3,2,0,1,0.6902,1.2389,98.7000,9.0196,845.7500,0.0000,108.0000,34.0000,2.1200,13.8510
20,4,"Bugi mòn","Bugi mòn","P0300 P0301",2,"Bugi mòn",0.6700,1,1,1,5,1,1,1,1.0048,0.9394,126.6000,5.8824,1318.7500,9.0000,86.0000,35.0000,4.9100,13.8080
21,0,"Xe khỏe","","",0,"",,0,,,0,0,,,1.0964,0.9779,140.9000,11.7647,938.0000,4.0000,85.0000,35.0000,2.8700,13.7690
22,3,"Bơm xăng yếu","Áp suất nhiên liệu bất thường (bơm yếu, lọc tắc, bộ điều áp)","P0171",1,"Rò rỉ chân không hoặc khí lọt vào đường nạp",0.4500,3,0,1,3,3,0,1,0.6417,0.9267,104.9000,46.2745,3055.5000,67.0000,84.0000,35.0000,16.0100,13.8380
23,8,"Máy phát hỏng","Hệ thống sạc hỏng (máy phát, bộ điều áp, dây đai)","P0562",1,"Hệ thống sạc hỏng (máy phát, bộ điều áp, dây đai)",0.7900,1,1,1,2,2,0,1,0.7254,1.3029,126.3000,44.7059,2704.5000,73.0000,85.0000,35.0000,14.0700,11.1230
24,6,"Cảm biến nhiệt độ nước ngắn mạch","Cảm biến nhiệt độ nước làm mát hoặc mạch tín hiệu hỏng","P0117",1,"Cảm biến nhiệt độ nước làm mát hoặc mạch tín hiệu hỏng",0.9325,1,1,1,1,1,1,1,0.8448,1.3996,107.8000,23.5294,1947.5000,51.0000,215.0000,35.0000,6.6800,13.8180
25,0,"Xe khỏe","","",0,"",,0,,,0,0,,,1.3037,1.1537,110.0000,20.7843,1134.5000,11.0000,90.0000,35.0000,3.8500,13.8140
26,2,"Cảm biến MAF bẩn","Cảm biến MAF sai lệch (bẩn hoặc hỏng)","P0171",1,"Cảm biến MAF sai lệch (bẩn hoặc hỏng)",0.7900,1,1,1,3,2,0,1,0.9417,1.2591,127.3000,7.8431,946.0000,2.0000,86.0000,36.0000,1.6200,13.8690
27,8,"Máy phát hỏng","Hệ thống sạc hỏng (máy phát, bộ điều áp, dây đai)","P0562",1,"Hệ thống sạc hỏng (máy phát, bộ điều áp, dây đai)",0.7900,1,1,1,2,2,0,1,0.8198,1.2149,102.9000,26.6667,2288.5000,41.0000,86.0000,36.0000,9.6500,11.2530
28,0,"Xe khỏe","","",0,"",,0,,,0,0,,,1.2365,1.3709,60.0000,14.1176,1194.7500,21.0000,85.0000,36.0000,3.3700,13.7490
29,6,"Cảm biến nhiệt độ nước ngắn mạch","Cảm biến nhiệt độ nước làm mát hoặc mạch tín hiệu hỏng","P0117",1,"Cảm biến nhiệt độ nước làm mát hoặc mạch tín hiệu hỏng",0.9325,1,1,1,1,1,1,1,1.0990,1.1695,90.5000,12.1569,714.7500,3.0000,215.0000,36.0000,2.6600,13.8080
30,8,"Máy phát hỏng","Hệ thống sạc hỏng (máy phát, bộ điều áp, dây đai)","P0562",1,"Hệ thống sạc hỏng (máy phát, bộ điều áp, dây đai)",0.7900,1,1,1,2,2,0,1,0.8468,1.6709,164.5000,26.2745,1845.7500,29.0000,87.0000,36.0000,6.5300,11.1800
31,1,"Rò rỉ chân không","Rò rỉ chân không hoặc khí lọt vào đường nạp","P0171",1,"Rò rỉ chân không hoặc khí lọt vào đường nạp",0.8625,1,1,1,3,1,1,1,0.9405,1.3452,131.8000,6.6667,1506.5000,5.0000,85.0000,35.0000,3.3000,13.7940
32,6,"Cảm biến nhiệt độ nước ngắn mạch","Cảm biến nhiệt độ nước làm mát hoặc mạch tín hiệu hỏng","P0117",1,"Cảm biến nhiệt độ nước làm mát hoặc mạch tín hiệu hỏng",0.9325,1,1,1,1,1,1,1,0.7652,1.4015,81.5000,18.0392,1485.5000,15.0000,215.0000,35.0000,4.5500,13.7640
33,5,"Quạt làm mát hỏng","Quạt làm mát không hoạt động","P0217",1,"Quạt làm mát không hoạt động",0.7200,1,1,1,3,2,0,1,0.8049,1.2181,78.3000,8.2353,875.0000,3.0000,110.0000,35.0000,2.6100,13.8150
34,0,"Xe khỏe","","",0,"",,0,,,0,0,,,0.6379,0.9159,45.6000,6.6667,992.7500,10.0000,87.0000,35.0000,2.4100,13.8110
35,1,"Rò rỉ chân không","Rò rỉ chân không hoặc khí lọt vào đường nạp","P0171",1,"Rò rỉ chân không hoặc khí lọt vào đường nạp",0.8625,1,1,1,3,1,1,1,0.7121,1.1187,102.6000,9.0196,1354.7500,1.0000,88.0000,35.0000,2.5500,13.9320
36,8,"Máy phát hỏng","Hệ thống sạc hỏng (máy phát, bộ điều áp, dây đai)","P0562",1,"Hệ thống sạc hỏng (máy phát, bộ điều áp, dây đai)",0.7900,1,1,1,2,2,0,1,0.8750,1.1262,103.0000,28.2353,1924.2500,35.0000,89.0000,36.0000,7.6200,11.1480
37,0,"Xe khỏe","","",0,"",,0,,,0,0,,,0.9324,2.3208,79.6000,30.1961,1708.5000,25.0000,89.0000,36.0000,5.9700,13.8290
38,1,"Rò rỉ chân không","Rò rỉ chân không hoặc khí lọt vào đường nạp","P0171",1,"Rò rỉ chân không hoặc khí lọt vào đường nạp",0.8625,1,1,1,3,1,1,1,1.0043,1.2191,185.8000,7.0588,1416.2500,5.0000,90.0000,36.0000,3.0100,13.8460
39,5,"Quạt làm mát hỏng","Quạt làm mát không hoạt động","P0217",1,"Quạt làm mát không hoạt động",0.7200,1,1,1,3,2,0,1,1.1536,1.0466,103.4000,8.6275,881.7500,1.0000,114.0000,36.0000,2.7700,13.8020
40,7,"Mất tín hiệu tốc độ xe","Mất tín hiệu tốc độ xe (cảm biến, dây dẫn hoặc liên lạc ABS)","P0500",1,"Mất tín hiệu tốc độ xe (cảm biến, dây dẫn hoặc liên lạc ABS)",0.9400,1,1,1,1,1,1,1,0.7642,1.3906,104.1000,54.9020,3549.0000,0.0000,91.0000,37.0000,22.0300,13.8470
41,2,"Cảm biến MAF bẩn","Cảm biến MAF sai lệch (bẩn hoặc hỏng)","P0171",1,"Cảm biến MAF sai lệch (bẩn hoặc hỏng)",0.7900,1,1,1,3,2,0,1,0.9001,1.0688,118.8000,9.0196,992.7500,0.0000,92.0000,37.0000,1.4600,13.8160
42,6,"Cảm biến nhiệt độ nước ngắn mạch","Cảm biến nhiệt độ nước làm mát hoặc mạch tín hiệu hỏng","P0117",1,"Cảm biến nhiệt độ nước làm mát hoặc mạch tín hiệu hỏng",0.9325,1,1,1,1,1,1,1,0.8485,1.2564,98.4000,7.8431,1024.2500,1.0000,215.0000,38.0000,2.8700,13.7850
43,4,"Bugi mòn","Bugi mòn","P0300 P0301",2,"Bugi mòn",0.6700,1,1,1,5,1,1,1,1.6167,1.9054,145.6000,9.4118,918.5000,0.0000,91.0000,38.0000,3.8500,13.7920
44,6,"Cảm biến nhiệt độ nước ngắn mạch","Cảm biến nhiệt độ nước làm mát hoặc mạch tín hiệu hỏng","P0117",1,"Cảm biến nhiệt độ nước làm mát hoặc mạch tín hiệu hỏng",0.9325,1,1,1,1,1,1,1,0.7443,1.7109,86.7000,5.0980,747.5000,4.0000,215.0000,37.0000,2.3600,13.8290
45,7,"Mất tín hiệu tốc độ xe","Mất tín hiệu tốc độ xe (cảm biến, dây dẫn hoặc liên lạc ABS)","P0500",1,"Mất tín hiệu tốc độ xe (cảm biến, dây dẫn hoặc liên lạc ABS)",0.9400,1,1,1,1,1,1,1,1.0674,1.5825,172.0000,55.2941,3272.0000,0.0000,90.0000,37.0000,22.3300,13.8970
46,8,"Máy phát hỏng","Hệ thống sạc hỏng (máy phát, bộ điều áp, dây đai)","P0562",1,"Hệ thống sạc hỏng (máy phát, bộ điều áp, dây đai)",0.7900,1,1,1,2,2,0,1,0.8183,1.2927,93.7000,47.0588,2902.5000,72.0000,90.0000,37.0000,14.3600,10.9870
47,2,"Cảm biến MAF bẩn","Cảm biến MAF sai lệch (bẩn hoặc hỏng)","P0171",1,"Cảm biến MAF sai lệch (bẩn hoặc hỏng)",0.7900,1,1,1,3,2,0,1,0.8628,1.2835,104.0000,5.8824,736.5000,12.0000,89.0000,37.0000,1.1400,13.8080
48,2,"Cảm biến MAF bẩn","Cảm biến MAF sai lệch (bẩn hoặc hỏng)","P0171",1,"Cảm biến MAF sai lệch (bẩn hoặc hỏng)",0.7900,1,1,1,3,2,0,1,1.1759,1.5017,177.9000,8.2353,882.0000,1.0000,88.0000,37.0000,1.5500,13.7950
49,3,"Bơm xăng yếu","Áp suất nhiên liệu bất thường (bơm yếu, lọc tắc, bộ điều áp)","P0171",1,"Rò rỉ chân không hoặc khí lọt vào đường nạp",0.4500,3,0,1,3,3,0,1,0.9159,1.2098,68.2000,20.0000,1787.7500,27.0000,88.0000,38.0000,6.0200,13.8060
50,2,"Cảm biến MAF bẩn","Cảm biến MAF sai lệch (bẩn hoặc hỏng)","P0171",1,"Cảm biến MAF sai lệch (bẩn hoặc hỏng)",0.7900,1,1,1,3,2,0,1,0.7072,0.8908,95.0000,6.6667,824.7500,4.0000,87.0000,38.0000,1.4200,13.8270
51,1,"Rò rỉ chân không","Rò rỉ chân không hoặc khí lọt vào đường nạp","P0171",1,"Rò rỉ chân không hoặc khí lọt vào đường nạp",0.8625,1,1,1,3,1,1,1,0.7580,1.5303,76.9000,8.6275,1524.7500,1.0000,88.0000,37.0000,3.1900,13.8210
52,4,"Bugi mòn","Bugi mòn","P0300 P0301",2,"Bugi mòn",0.6700,1,1,1,5,1,1,1,0.6702,1.2228,96.8000,10.5882,909.0000,1.0000,87.0000,37.0000,4.6400,13.8300
53,1,"Rò rỉ chân không","Rò rỉ chân không hoặc khí lọt vào đường nạp","P0171",1,"Rò rỉ chân không hoặc khí lọt vào đường nạp",0.8625,1,1,1,3,1,1,1,0.6582,1.2527,92.8000,9.0196,1382.7500,1.0000,87.0000,38.0000,3.2000,13.8260
54,3,"Bơm xăng yếu","Áp suất nhiên liệu bất thường (bơm yếu, lọc tắc, bộ điều áp)","P0171",1,"Rò rỉ chân không hoặc khí lọt vào đường nạp",0.4500,3,0,1,3,3,0,1,0.5595,1.3748,70.2000,25.8824,1992.7500,33.0000,87.0000,37.0000,7.7000,13.7040
55,0,"Xe khỏe","","",0,"",,0,,,0,0,,,0.6885,0.9170,104.6000,32.5490,2218.2500,50.0000,90.0000,37.0000,7.0600,13.7990
56,8,"Máy phát hỏng","Hệ thống sạc hỏng (máy phát, bộ điều áp, dây đai)","P0562",1,"Hệ thống sạc hỏng (máy phát, bộ điều áp, dây đai)",0.7900,1,1,1,2,2,0,1,0.6382,1.9066,182.0000,33.7255,2327.5000,60.0000,89.0000,36.0000,9.4100,11.2520
57,6,"Cảm biến nhiệt độ nước ngắn mạch","Cảm biến nhiệt độ nước làm mát hoặc mạch tín hiệu hỏng","P0117",1,"Cảm biến nhiệt độ nước làm mát hoặc mạch tín hiệu hỏng",0.9325,1,1,1,1,1,1,1,1.0278,1.0336,85.9000,45.8824,3419.5000,95.0000,215.0000,36.0000,15.5500,13.7480
58,3,"Bơm xăng yếu","Áp suất nhiên liệu bất thường (bơm yếu, lọc tắc, bộ điều áp)","P0171",1,"Rò rỉ chân không hoặc khí lọt vào đường nạp",0.4500,3,0,1,3,3,0,1,0.7290,1.2238,141.2000,43.5294,2848.0000,82.0000,88.0000,37.0000,14.2900,13.8660
59,5,"Quạt làm mát hỏng","Quạt làm mát không hoạt động","P0217",1,"Thiếu nước làm mát hoặc rò rỉ hệ thống làm mát",0.4500,2,0,1,3,2,0,1,0.7535,0.8727,65.6000,6.2745,880.5000,14.0000,112.0000,36.0000,2.7000,13.8880
60,1,"Rò rỉ chân không","Rò rỉ chân không hoặc khí lọt vào đường nạp","P0171",1,"Rò rỉ chân không hoặc khí lọt vào đường nạp",0.8625,1,1,1,3,1,1,1,0.5751,1.7766,105.4000,9.0196,1515.7500,2.0000,91.0000,38.0000,3.4300,13.7570
61,7,"Mất tín hiệu tốc độ xe","Mất tín hiệu tốc độ xe (cảm biến, dây dẫn hoặc liên lạc ABS)","P0500",1,"Mất tín hiệu tốc độ xe (cảm biến, dây dẫn hoặc liên lạc ABS)",0.9400,1,1,1,1,1,1,1,1.4621,0.9185,94.9000,45.0980,3074.7500,0.0000,91.0000,38.0000,16.8900,13.8120
62,3,"Bơm xăng yếu","Áp suất nhiên liệu bất thường (bơm yếu, lọc tắc, bộ điều áp)","P0171",1,"Rò rỉ chân không hoặc khí lọt vào đường nạp",0.4500,3,0,1,3,3,0,1,0.6633,1.2958,66.1000,50.1961,3008.2500,74.0000,89.0000,38.0000,15.9700,13.7860
63,8,"Máy phát hỏng","Hệ thống sạc hỏng (máy phát, bộ điều áp, dây đai)","P0562",1,"Hệ thống sạc hỏng (máy phát, bộ điều áp, dây đai)",0.7900,1,1,1,2,2,0,1,0.6965,1.1138,102.0000,47.4510,3014.5000,84.0000,90.0000,38.0000,15.6600,11.1720
64,5,"Quạt làm mát hỏng","Quạt làm mát không hoạt động","P0217",1,"Thiếu nước làm mát hoặc rò rỉ hệ thống làm mát",0.4500,2,0,1,3,2,0,1,0.6525,1.3665,121.0000,9.0196,888.0000,15.0000,111.0000,38.0000,2.8000,13.7720
65,6,"Cảm biến nhiệt độ nước ngắn mạch","Cảm biến nhiệt độ nước làm mát hoặc mạch tín hiệu hỏng","P0117",1,"Cảm biến nhiệt độ nước làm mát hoặc mạch tín hiệu hỏng",0.9325,1,1,1,1,1,1,1,0.7532,1.1037,168.2000,25.4902,1685.7500,14.0000,215.0000,39.0000,5.6500,13.8200
66,3,"Bơm xăng yếu","Áp suất nhiên liệu bất thường (bơm yếu, lọc tắc, bộ điều áp)","P0171",1,"Rò rỉ chân không hoặc khí lọt vào đường nạp",0.4500,3,0,1,3,3,0,1,0.6581,1.1935,90.6000,23.9216,1714.7500,28.0000,92.0000,39.0000,5.0700,13.7530
67,7,"Mất tín hiệu tốc độ xe","Mất tín hiệu tốc độ xe (cảm biến, dây dẫn hoặc liên lạc ABS)","P0500",1,"Mất tín hiệu tốc độ xe (cảm biến, dây dẫn hoặc liên lạc ABS)",0.9400,1,1,1,1,1,1,1,0.9117,1.1407,86.3000,53.7255,3320.5000,0.0000,90.0000,39.0000,19.3000,13.8300
68,0,"Xe khỏe","","",0,"",,0,,,0,0,,,0.9595,1.1520,59.1000,52.1569,3524.5000,85.0000,91.0000,38.0000,22.9200,13.8790
69,5,"Quạt làm mát hỏng","Quạt làm mát không hoạt động","P0217",1,"Thiếu nước làm mát hoặc rò rỉ hệ thống làm mát",0.4500,2,0,1,3,2,0,1,0.6181,1.0217,70.3000,8.6275,910.5000,12.0000,112.0000,38.0000,2.4300,13.8340
70,6,"Cảm biến nhiệt độ nước ngắn mạch","Cảm biến nhiệt độ nước làm mát hoặc mạch tín hiệu hỏng","P0117",1,"Cảm biến nhiệt độ nước làm mát hoặc mạch tín hiệu hỏng",0.9325,1,1,1,1,1,1,1,0.6955,1.1582,108.3000,13.3333,1279.7500,11.0000,215.0000,38.0000,4.8800,13.7230
71,4,"Bugi mòn","Bugi mòn","P0300 P0301",2,"Bugi mòn",0.6700,1,1,1,5,1,1,1,0.8964,1.0352,193.8000,18.8235,1468.7500,34.0000,90.0000,38.0000,5.1400,13.8390
72,8,"Máy phát hỏng","Hệ thống sạc hỏng (máy phát, bộ điều áp, dây đai)","P0562",1,"Hệ thống sạc hỏng (máy phát, bộ điều áp, dây đai)",0.7900,1,1,1,2,2,0,1,0.8038,1.0380,139.1000,29.8039,2001.2500,45.0000,89.0000,38.0000,7.1300,11.0740
73,6,"Cảm biến nhiệt độ nước ngắn mạch","Cảm biến nhiệt độ nước làm mát hoặc mạch tín hiệu hỏng","P0117",1,"Cảm biến nhiệt độ nước làm mát hoặc mạch tín hiệu hỏng",0.9325,1,1,1,1,1,1,1,0.9289,0.9226,121.2000,46.6667,2655.2500,63.0000,215.0000,39.0000,11.7500,13.8680
74,2,"Cảm biến MAF bẩn","Cảm biến MAF sai lệch (bẩn hoặc hỏng)","P0171",1,"Cảm biến MAF sai lệch (bẩn hoặc hỏng)",0.7900,1,1,1,3,2,0,1,0.6147,1.5396,62.3000,5.4902,780.5000,13.0000,88.0000,39.0000,1.3200,13.8760
75,4,"Bugi mòn","Bugi mòn","P0300 P0301",2,"Bugi mòn",0.6700,1,1,1,5,1,1,1,0.8712,1.0307,85.2000,18.0392,1351.5000,3.0000,88.0000,39.0000,4.5100,13.7920
76,0,"Xe khỏe","","",0,"",,0,,,0,0,,,0.8032,1.2904,99.4000,32.1569,1824.5000,21.0000,89.0000,39.0000,7.6600,13.7890
77,3,"Bơm xăng yếu","Áp suất nhiên liệu bất thường (bơm yếu, lọc tắc, bộ điều áp)","P0171",1,"Rò rỉ chân không hoặc khí lọt vào đường nạp",0.4500,3,0,1,3,3,0,1,0.6289,1.5505,59.9000,25.0980,1981.5000,44.0000,91.0000,39.0000,6.8600,13.7810
78,7,"Mất tín hiệu tốc độ xe","Mất tín hiệu tốc độ xe (cảm biến, dây dẫn hoặc liên lạc ABS)","P0500",1,"Mất tín hiệu tốc độ xe (cảm biến, dây dẫn hoặc liên lạc ABS)",0.9400,1,1,1,1,1,1,1,0.9729,2.2075,88.5000,45.0980,2959.5000,0.0000,94.0000,39.0000,16.1500,13.8430
79,8,"Máy phát hỏng","Hệ thống sạc hỏng (máy phát, bộ điều áp, dây đai)","P0562",1,"Hệ thống sạc hỏng (máy phát, bộ điều áp, dây đai)",0.7900,1,1,1,2,2,0,1,1.1114,1.9176,193.3000,36.8627,2342.2500,51.0000,92.0000,39.0000,11.0500,11.2550
80,1,"Rò rỉ chân không","Rò rỉ chân không hoặc khí lọt vào đường nạp","P0171",1,"Rò rỉ chân không hoặc khí lọt vào đường nạp",0.8625,1,1,1,3,1,1,1,1.0241,1.9762,175.0000,5.0980,1206.7500,10.0000,92.0000,39.0000,2.5300,13.8120
81,4,"Bugi mòn","Bugi mòn","P0300 P0301",2,"Bugi mòn",0.6700,1,1,1,5,1,1,1,1.4610,1.1133,102.0000,16.4706,1505.7500,12.0000,93.0000,39.0000,3.1200,13.7380
82,4,"Bugi mòn","Bugi mòn","P0300 P0301",2,"Bugi mòn",0.6700,1,1,1,5,1,1,1,0.6768,1.0818,117.1000,14.9020,1267.5000,10.0000,91.0000,39.0000,4.8700,13.7850
83,1,"Rò rỉ chân không","Rò rỉ chân không hoặc khí lọt vào đường nạp","P0171",1,"Rò rỉ chân không hoặc khí lọt vào đường nạp",0.8625,1,1,1,3,1,1,1,0.9218,1.2262,55.3000,7.0588,1397.2500,2.0000,89.0000,39.0000,2.9100,13.8200
84,0,"Xe khỏe","","",0,"",,0,,,0,0,,,0.9151,1.1930,89.8000,7.0588,967.2500,0.0000,89.0000,40.0000,2.2300,13.8090
85,3,"Bơm xăng yếu","Áp suất nhiên liệu bất thường (bơm yếu, lọc tắc, bộ điều áp)","P0171",1,"Rò rỉ chân không hoặc khí lọt vào đường nạp",0.4500,3,0,1,3,3,0,1,1.1824,1.4214,61.9000,20.0000,1628.0000,29.0000,89.0000,41.0000,5.5500,13.8580
86,8,"Máy phát hỏng","Hệ thống sạc hỏng (máy phát, bộ điều áp, dây đai)","P0562",1,"Hệ thống sạc hỏng (máy phát, bộ điều áp, dây đai)",0.7900,1,1,1,2,2,0,1,1.2036,1.1683,69.2000,23.9216,1875.7500,36.0000,92.0000,41.0000,6.4300,11.1990
87,3,"Bơm xăng yếu","Áp suất nhiên liệu bất thường (bơm yếu, lọc tắc, bộ điều áp)","P0171",1,"Rò rỉ chân không hoặc khí lọt vào đường nạp",0.4500,3,0,1,3,3,0,1,0.7278,2.1904,86.5000,37.2549,2412.2500,52.0000,91.0000,41.0000,11.1400,13.7730
88,0,"Xe khỏe","","",0,"",,0,,,0,0,,,1.6260,1.4038,77.4000,27.0588,1872.2500,61.0000,92.0000,41.0000,6.6900,13.7480
89,1,"Rò rỉ chân không","Rò rỉ chân không hoặc khí lọt vào đường nạp","P0171",1,"Rò rỉ chân không hoặc khí lọt vào đường nạp",0.8625,1,1,1,3,1,1,1,1.2768,1.6763,64.5000,6.6667,1290.2500,9.0000,90.0000,41.0000,2.9200,13.7760
90,7,"Mất tín hiệu tốc độ xe","Mất tín hiệu tốc độ xe (cảm biến, dây dẫn hoặc liên lạc ABS)","P0500",1,"Mất tín hiệu tốc độ xe (cảm biến, dây dẫn hoặc liên lạc ABS)",0.9400,1,1,1,1,1,1,1,1.0102,2.5395,98.4000,45.0980,3011.5000,0.0000,92.0000,40.0000,15.3200,13.8860
91,6,"Cảm biến nhiệt độ nước ngắn mạch","Cảm biến nhiệt độ nước làm mát hoặc mạch tín hiệu hỏng","P0117",1,"Cảm biến nhiệt độ nước làm mát hoặc mạch tín hiệu hỏng",0.9325,1,1,1,1,1,1,1,0.9622,1.8102,240.3000,41.9608,3064.2500,77.0000,215.0000,39.0000,13.2300,13.8240
92,7,"Mất tín hiệu tốc độ xe","Mất tín hiệu tốc độ xe (cảm biến, dây dẫn hoặc liên lạc ABS)","P0500",1,"Mất tín hiệu tốc độ xe (cảm biến, dây dẫn hoặc liên lạc ABS)",0.9400,1,1,1,1,1,1,1,1.3248,2.0862,181.6000,54.1176,3203.5000,0.0000,89.0000,39.0000,20.7700,13.7840
93,1,"Rò rỉ chân không","Rò rỉ chân không hoặc khí lọt vào đường nạp","P0171",1,"Rò rỉ chân không hoặc khí lọt vào đường nạp",0.8625,1,1,1,3,1,1,1,1.2318,1.4431,116.0000,5.4902,1374.5000,0.0000,90.0000,39.0000,2.7300,13.8200
94,3,"Bơm xăng yếu","Áp suất nhiên liệu bất thường (bơm yếu, lọc tắc, bộ điều áp)","P0171",1,"Rò rỉ chân không hoặc khí lọt vào đường nạp",0.4500,3,0,1,3,3,0,1,1.0692,1.8028,177.7000,36.8627,2538.2500,54.0000,91.0000,40.0000,10.3800,13.8420
95,1,"Rò rỉ chân không","Rò rỉ chân không hoặc khí lọt vào đường nạp","P0171",1,"Rò rỉ chân không hoặc khí lọt vào đường nạp",0.8625,1,1,1,3,1,1,1,1.2870,2.3350,116.9000,9.0196,1496.7500,10.0000,89.0000,40.0000,3.5200,13.7430
96,5,"Quạt làm mát hỏng","Quạt làm mát không hoạt động","P0217",1,"Quạt làm mát không hoạt động",0.7200,1,1,1,3,2,0,1,1.0785,2.1317,86.0000,7.4510,922.7500,1.0000,112.0000,40.0000,2.6300,13.7240
97,4,"Bugi mòn","Bugi mòn","P0300 P0301",2,"Bugi mòn",0.6700,1,1,1,5,1,1,1,1.0952,1.6477,71.0000,58.4314,3114.5000,59.0000,89.0000,40.0000,17.6300,13.8800
98,8,"Máy phát hỏng","Hệ thống sạc hỏng (máy phát, bộ điều áp, dây đai)","P0562",1,"Hệ thống sạc hỏng (máy phát, bộ điều áp, dây đai)",0.7900,1,1,1,2,2,0,1,1.0094,2.1482,60.8000,29.0196,2360.5000,66.0000,88.0000,40.0000,9.7000,11.3220
99,1,"Rò rỉ chân không","Rò rỉ chân không hoặc khí lọt vào đường nạp","P0171",1,"Rò rỉ chân không hoặc khí lọt vào đường nạp",0.8625,1,1,1,3,1,1,1,1.0530,1.3742,58.8000,6.6667,1437.2500,9.0000,85.0000,41.0000,3.1600,13.8060
100,6,"Cảm biến nhiệt độ nước ngắn mạch","Cảm biến nhiệt độ nước làm mát hoặc mạch tín hiệu hỏng","P0117",1,"Cảm biến nhiệt độ nước làm mát hoặc mạch tín hiệu hỏng",0.9325,1,1,1,1,1,1,1,1.0251,3.6401,100.2000,32.9412,2088.2500,35.0000,215.0000,41.0000,8.8800,13.9060
101,4,"Bugi mòn","Bugi mòn","P0300 P0301",2,"Bugi mòn",0.6700,1,1,1,5,1,1,1,1.5709,1.8835,68.3000,60.0000,3699.5000,91.0000,85.0000,41.0000,23.9900,13.7900
102,0,"Xe khỏe","","",0,"",,0,,,0,0,,,1.0310,1.7524,58.9000,55.2941,3398.2500,99.0000,85.0000,41.0000,20.6800,13.6980
103,5,"Quạt làm mát hỏng","Quạt làm mát không hoạt động","P0217",1,"Thiếu nước làm mát hoặc rò rỉ hệ thống làm mát",0.4500,2,0,1,3,2,0,1,1.3048,2.0002,74.5000,8.6275,1057.0000,15.0000,108.0000,41.0000,3.0300,13.8920
104,5,"Quạt làm mát hỏng","Quạt làm mát không hoạt động","P0217",1,"Quạt làm mát không hoạt động",0.7200,1,1,1,3,2,0,1,0.9030,1.6693,72.5000,5.8824,824.0000,2.0000,109.0000,42.0000,2.6800,13.7570
105,2,"Cảm biến MAF bẩn","Cảm biến MAF sai lệch (bẩn hoặc hỏng)","P0171",1,"Cảm biến MAF sai lệch (bẩn hoặc hỏng)",0.7900,1,1,1,3,2,0,1,1.0924,1.6769,101.0000,5.8824,851.5000,0.0000,84.0000,42.0000,1.5200,13.7720
106,1,"Rò rỉ chân không","Rò rỉ chân không hoặc khí lọt vào đường nạp","P0171",1,"Rò rỉ chân không hoặc khí lọt vào đường nạp",0.8625,1,1,1,3,1,1,1,1.0594,1.9418,74.9000,5.0980,1250.0000,0.0000,86.0000,43.0000,2.7900,13.7560
107,6,"Cảm biến nhiệt độ nước ngắn mạch","Cảm biến nhiệt độ nước làm mát hoặc mạch tín hiệu hỏng","P0117",1,"Cảm biến nhiệt độ nước làm mát hoặc mạch tín hiệu hỏng",0.9325,1,1,1,1,1,1,1,1.0529,1.3871,74.3000,25.8824,1507.7500,11.0000,215.0000,43.0000,4.9700,13.8520
108,7,"Mất tín hiệu tốc độ xe","Mất tín hiệu tốc độ xe (cảm biến, dây dẫn hoặc liên lạc ABS)","P0500",1,"Mất tín hiệu tốc độ xe (cảm biến, dây dẫn hoặc liên lạc ABS)",0.9400,1,1,1,1,1,1,1,0.8956,2.0290,70.1000,54.9020,3347.7500,0.0000,86.0000,43.0000,20.2600,13.8800
109,3,"Bơm xăng yếu","Áp suất nhiên liệu bất thường (bơm yếu, lọc tắc, bộ điều áp)","P0171",1,"Rò rỉ chân không hoặc khí lọt vào đường nạp",0.4500,3,0,1,3,3,0,1,1.1539,1.5251,94.6000,44.3137,3049.5000,78.0000,87.0000,43.0000,16.0600,13.8550
110,7,"Mất tín hiệu tốc độ xe","Mất tín hiệu tốc độ xe (cảm biến, dây dẫn hoặc liên lạc ABS)","P0500",1,"Mất tín hiệu tốc độ xe (cảm biến, dây dẫn hoặc liên lạc ABS)",0.9400,1,1,1,1,1,1,1,0.9833,2.1918,74.0000,47.4510,3198.2500,0.0000,87.0000,43.0000,16.2200,13.7400
111,5,"Quạt làm mát hỏng","Quạt làm mát không hoạt động","P0217",1,"Quạt làm mát không hoạt động",0.7200,1,1,1,3,2,0,1,0.8915,1.6676,86.6000,5.8824,857.0000,0.0000,108.0000,42.0000,2.5400,13.7670
112,0,"Xe khỏe","","",0,"",,0,,,0,0,,,1.1739,1.8091,41.2000,8.2353,944.5000,9.0000,86.0000,41.0000,2.3300,13.8570
113,8,"Máy phát hỏng","Hệ thống sạc hỏng (máy phát, bộ điều áp, dây đai)","P0562",1,"Hệ thống sạc hỏng (máy phát, bộ điều áp, dây đai)",0.7900,1,1,1,2,2,0,1,1.2107,1.9881,112.6000,34.5098,2305.0000,46.0000,87.0000,42.0000,9.1500,11.0570
114,6,"Cảm biến nhiệt độ nước ngắn mạch","Cảm biến nhiệt độ nước làm mát hoặc mạch tín hiệu hỏng","P0117",1,"Cảm biến nhiệt độ nước làm mát hoặc mạch tín hiệu hỏng",0.9325,1,1,1,1,1,1,1,0.8723,1.8882,64.8000,41.1765,3064.0000,62.0000,215.0000,42.0000,16.5600,13.7470
115,3,"Bơm xăng yếu","Áp suất nhiên liệu bất thường (bơm yếu, lọc tắc, bộ điều áp)","P0171",1,"Rò rỉ chân không hoặc khí lọt vào đường nạp",0.4500,3,0,1,3,3,0,1,0.9890,1.9740,66.5000,49.4118,3343.7500,86.0000,88.0000,42.0000,18.4700,13.8310
116,2,"Cảm biến MAF bẩn","Cảm biến MAF sai lệch (bẩn hoặc hỏng)","P0171",1,"Cảm biến MAF sai lệch (bẩn hoặc hỏng)",0.7900,1,1,1,3,2,0,1,0.9878,2.0779,133.9000,7.8431,956.0000,16.0000,86.0000,41.0000,1.4900,13.7220
117,7,"Mất tín hiệu tốc độ xe","Mất tín hiệu tốc độ xe (cảm biến, dây dẫn hoặc liên lạc ABS)","P0500",1,"Mất tín hiệu tốc độ xe (cảm biến, dây dẫn hoặc liên lạc ABS)",0.9400,1,1,1,1,1,1,1,1.0812,1.7028,72.9000,46.2745,3015.7500,0.0000,85.0000,41.0000,17.6000,13.7700
118,0,"Xe khỏe","","",0,"",,0,,,0,0,,,0.8974,1.8036,63.5000,47.4510,3019.5000,74.0000,88.0000,41.0000,14.9000,13.8350
119,8,"Máy phát hỏng","Hệ thống sạc hỏng (máy phát, bộ điều áp, dây đai)","P0562",1,"Hệ thống sạc hỏng (máy phát, bộ điều áp, dây đai)",0.7900,1,1,1,2,2,0,1,1.1159,1.8450,54.4000,27.4510,2429.0000,64.0000,87.0000,41.0000,10.5100,11.1630
120,8,"Máy phát hỏng","Hệ thống sạc hỏng (máy phát, bộ điều áp, dây đai)","P0562",1,"Hệ thống sạc hỏng (máy phát, bộ điều áp, dây đai)",0.7900,1,1,1,2,2,0,1,1.0068,1.8975,97.6000,29.8039,2061.5000,47.0000,88.0000,41.0000,7.3400,11.2000
121,4,"Bugi mòn","Bugi mòn","P0300 P0301",2,"Bugi mòn",0.6700,1,1,1,5,1,1,1,1.8382,2.0419,77.4000,20.7843,1719.5000,39.0000,88.0000,41.0000,6.8800,13.8370
122,8,"Máy phát hỏng","Hệ thống sạc hỏng (máy phát, bộ điều áp, dây đai)","P0562",1,"Hệ thống sạc hỏng (máy phát, bộ điều áp, dây đai)",0.7900,1,1,1,2,2,0,1,0.9685,2.8075,93.0000,31.7647,2209.5000,48.0000,89.0000,42.0000,10.7300,11.2440
123,3,"Bơm xăng yếu","Áp suất nhiên liệu bất thường (bơm yếu, lọc tắc, bộ điều áp)","P0171",1,"Rò rỉ chân không hoặc khí lọt vào đường nạp",0.4500,3,0,1,3,3,0,1,1.0382,2.5313,97.9000,31.3725,2109.5000,52.0000,89.0000,41.0000,7.3500,13.7250
124,4,"Bugi mòn","Bugi mòn","P0300 P0301",2,"Bugi mòn",0.6700,1,1,1,5,1,1,1,1.0437,2.0453,65.7000,48.6275,3454.2500,85.0000,87.0000,41.0000,21.6300,13.8220
125,1,"Rò rỉ chân không","Rò rỉ chân không hoặc khí lọt vào đường nạp","P0171",1,"Rò rỉ chân không hoặc khí lọt vào đường nạp",0.8625,1,1,1,3,1,1,1,1.3224,2.2462,95.2000,8.2353,1446.5000,13.0000,86.0000,41.0000,3.4500,13.8320
126,5,"Quạt làm mát hỏng","Quạt làm mát không hoạt động","P0217",1,"Quạt làm mát không hoạt động",0.7200,1,1,1,3,2,0,1,0.8912,1.8370,67.4000,5.4902,840.7500,2.0000,107.0000,42.0000,2.8000,13.8190
127,7,"Mất tín hiệu tốc độ xe","Mất tín hiệu tốc độ xe (cảm biến, dây dẫn hoặc liên lạc ABS)","P0500",1,"Mất tín hiệu tốc độ xe (cảm biến, dây dẫn hoặc liên lạc ABS)",0.9400,1,1,1,1,1,1,1,1.0770,1.2675,95.2000,52.1569,3318.5000,0.0000,87.0000,42.0000,20.0300,13.8860
128,0,"Xe khỏe","","",0,"",,0,,,0,0,,,0.9562,1.9276,44.0000,15.2941,1860.2500,51.0000,88.0000,42.0000,5.6200,13.8820
129,0,"Xe khỏe","","",0,"",,0,,,0,0,,,1.9402,2.0896,153.2000,8.2353,775.2500,9.0000,89.0000,43.0000,2.7000,13.7180
130,0,"Xe khỏe","","",0,"",,0,,,0,0,,,1.0630,1.7173,36.3000,31.3725,1848.2500,34.0000,88.0000,41.0000,5.9500,13.8600
131,6,"Cảm biến nhiệt độ nước ngắn mạch","Cảm biến nhiệt độ nước làm mát hoặc mạch tín hiệu hỏng","P0117",1,"Cảm biến nhiệt độ nước làm mát hoặc mạch tín hiệu hỏng",0.9325,1,1,1,1,1,1,1,0.9126,1.8960,68.1000,19.6078,2003.5000,25.0000,215.0000,40.0000,8.7000,13.8640
132,7,"Mất tín hiệu tốc độ xe","Mất tín hiệu tốc độ xe (cảm biến, dây dẫn hoặc liên lạc ABS)","P0500",1,"Mất tín hiệu tốc độ xe (cảm biến, dây dẫn hoặc liên lạc ABS)",0.9400,1,1,1,1,1,1,1,0.9720,1.4183,48.3000,53.7255,3363.0000,0.0000,87.0000,40.0000,19.5500,13.7580
133,1,"Rò rỉ chân không","Rò rỉ chân không hoặc khí lọt vào đường nạp","P0171",1,"Rò rỉ chân không hoặc khí lọt vào đường nạp",0.8625,1,1,1,3,1,1,1,0.9498,1.6904,101.3000,7.0588,1353.0000,0.0000,86.0000,40.0000,2.8900,13.8070
134,6,"Cảm biến nhiệt độ nước ngắn mạch","Cảm biến nhiệt độ nước làm mát hoặc mạch tín hiệu hỏng","P0117",1,"Cảm biến nhiệt độ nước làm mát hoặc mạch tín hiệu hỏng",0.9325,1,1,1,1,1,1,1,1.3706,2.0258,37.8000,7.0588,1082.0000,1.0000,215.0000,39.0000,3.7300,13.7170
135,4,"Bugi mòn","Bugi mòn","P0300 P0301",2,"Bugi mòn",0.6700,1,1,1,5,1,1,1,1.2875,1.9397,88.2000,42.3529,3091.7500,51.0000,85.0000,39.0000,11.4000,13.7780
136,8,"Máy phát hỏng","Hệ thống sạc hỏng (máy phát, bộ điều áp, dây đai)","P0562",1,"Hệ thống sạc hỏng (máy phát, bộ điều áp, dây đai)",0.7900,1,1,1,2,2,0,1,1.4479,2.0096,74.4000,43.9216,3053.5000,84.0000,88.0000,39.0000,15.6400,11.2210
137,0,"Xe khỏe","","",0,"",,0,,,0,0,,,0.8928,2.2578,21.4000,10.9804,1202.0000,34.0000,88.0000,40.0000,3.4900,13.8610
138,8,"Máy phát hỏng","Hệ thống sạc hỏng (máy phát, bộ điều áp, dây đai)","P0562",1,"Hệ thống sạc hỏng (máy phát, bộ điều áp, dây đai)",0.7900,1,1,1,2,2,0,1,0.9811,1.2671,48.9000,24.3137,1878.5000,37.0000,89.0000,40.0000,6.9500,11.0440
139,5,"Quạt làm mát hỏng","Quạt làm mát không hoạt động","P0217",1,"Quạt làm mát không hoạt động",0.7200,1,1,1,3,2,0,1,0.9601,1.8598,53.2000,7.0588,891.2500,6.0000,109.0000,39.0000,3.0200,13.7870
140,8,"Máy phát hỏng","Hệ thống sạc hỏng (máy phát, bộ điều áp, dây đai)","P0562",1,"Hệ thống sạc hỏng (máy phát, bộ điều áp, dây đai)",0.7900,1,1,1,2,2,0,1,0.9578,1.9753,75.2000,30.1961,1918.7500,31.0000,89.0000,40.0000,7.4000,11.2910
141,7,"Mất tín hiệu tốc độ xe","Mất tín hiệu tốc độ xe (cảm biến, dây dẫn hoặc liên lạc ABS)","P0500",1,"Mất tín hiệu tốc độ xe (cảm biến, dây dẫn hoặc liên lạc ABS)",0.9400,1,1,1,1,1,1,1,1.7140,2.9164,107.9000,53.7255,3465.2500,0.0000,88.0000,40.0000,21.4100,13.7870
142,4,"Bugi mòn","Bugi mòn","P0300 P0301",2,"Bugi mòn",0.6700,1,1,1,5,1,1,1,2.1608,2.2341,78.3000,54.1176,3181.0000,86.0000,85.0000,40.0000,17.9200,13.8900
143,1,"Rò rỉ chân không","Rò rỉ chân không hoặc khí lọt vào đường nạp","P0171",1,"Rò rỉ chân không hoặc khí lọt vào đường nạp",0.8625,1,1,1,3,1,1,1,0.9291,2.0583,58.4000,8.2353,1356.2500,12.0000,85.0000,40.0000,2.9900,13.7800
144,5,"Quạt làm mát hỏng","Quạt làm mát không hoạt động","P0217",1,"Quạt làm mát không hoạt động",0.7200,1,1,1,3,2,0,1,1.1229,2.1057,64.5000,9.0196,1082.7500,1.0000,108.0000,40.0000,3.0000,13.8180
145,5,"Quạt làm mát hỏng","Quạt làm mát không hoạt động","P0217",1,"Quạt làm mát không hoạt động",0.7200,1,1,1,3,2,0,1,1.1667,1.9313,61.4000,8.6275,973.5000,0.0000,107.0000,39.0000,2.6200,13.8970
146,5,"Quạt làm mát hỏng","Quạt làm mát không hoạt động","P0217",1,"Thiếu nước làm mát hoặc rò rỉ hệ thống làm mát",0.4500,2,0,1,3,2,0,1,0.9667,0.9943,26.6000,6.2745,909.5000,0.0000,104.0000,39.0000,2.9700,13.7990
147,4,"Bugi mòn","Bugi mòn","P0300 P0301",2,"Bugi mòn",0.6700,1,1,1,5,1,1,1,0.8659,0.8890,32.9000,7.0588,999.0000,2.0000,84.0000,39.0000,3.0500,13.7540
148,4,"Bugi mòn","Bugi mòn","P0300 P0301",2,"Bugi mòn",0.6700,1,1,1,5,1,1,1,0.6335,0.9288,81.5000,14.9020,1412.0000,9.0000,83.0000,39.0000,4.1900,13.8310
149,5,"Quạt làm mát hỏng","Quạt làm mát không hoạt động","P0217",1,"Quạt làm mát không hoạt động",0.7200,1,1,1,3,2,0,1,0.8511,1.9465,52.6000,8.6275,945.7500,1.0000,106.0000,39.0000,2.9000,13.7840
150,3,"Bơm xăng yếu","Áp suất nhiên liệu bất thường (bơm yếu, lọc tắc, bộ điều áp)","P0171",1,"Rò rỉ chân không hoặc khí lọt vào đường nạp",0.4500,3,0,1,3,3,0,1,1.0559,0.9050,42.3000,21.9608,1728.7500,28.0000,82.0000,38.0000,6.2400,13.7290
151,7,"Mất tín hiệu tốc độ xe","Mất tín hiệu tốc độ xe (cảm biến, dây dẫn hoặc liên lạc ABS)","P0500",1,"Mất tín hiệu tốc độ xe (cảm biến, dây dẫn hoặc liên lạc ABS)",0.9400,1,1,1,1,1,1,1,0.9472,2.0863,37.2000,45.0980,3065.7500,0.0000,83.0000,38.0000,15.8500,13.7370
152,0,"Xe khỏe","","",0,"",,0,,,0,0,,,1.3327,1.6489,33.2000,47.8431,3592.7500,81.0000,83.0000,38.0000,18.2600,13.7900
153,3,"Bơm xăng yếu","Áp suất nhiên liệu bất thường (bơm yếu, lọc tắc, bộ điều áp)","P0171",1,"Rò rỉ chân không hoặc khí lọt vào đường nạp",0.4500,3,0,1,3,3,0,1,1.5902,1.4675,59.7000,29.0196,2292.5000,62.0000,85.0000,38.0000,6.6800,13.8240
154,1,"Rò rỉ chân không","Rò rỉ chân không hoặc khí lọt vào đường nạp","P0171",1,"Rò rỉ chân không hoặc khí lọt vào đường nạp",0.8625,1,1,1,3,1,1,1,1.2819,2.2225,73.9000,7.8431,1408.2500,10.0000,87.0000,39.0000,3.0400,13.7320
155,6,"Cảm biến nhiệt độ nước ngắn mạch","Cảm biến nhiệt độ nước làm mát hoặc mạch tín hiệu hỏng","P0117",1,"Cảm biến nhiệt độ nước làm mát hoặc mạch tín hiệu hỏng",0.9325,1,1,1,1,1,1,1,1.1118,1.4578,40.5000,19.6078,1344.2500,12.0000,215.0000,38.0000,3.7600,13.8380
156,5,"Quạt làm mát hỏng","Quạt làm mát không hoạt động","P0217",1,"Quạt làm mát không hoạt động",0.7200,1,1,1,3,2,0,1,0.8385,1.9800,70.3000,8.6275,1044.7500,2.0000,109.0000,38.0000,2.9300,13.8700
157,2,"Cảm biến MAF bẩn","Cảm biến MAF sai lệch (bẩn hoặc hỏng)","P0171",1,"Cảm biến MAF sai lệch (bẩn hoặc hỏng)",0.7900,1,1,1,3,2,0,1,0.9690,1.8512,90.4000,5.8824,793.2500,0.0000,88.0000,38.0000,1.1000,13.7420
158,7,"Mất tín hiệu tốc độ xe","Mất tín hiệu tốc độ xe (cảm biến, dây dẫn hoặc liên lạc ABS)","P0500",1,"Mất tín hiệu tốc độ xe (cảm biến, dây dẫn hoặc liên lạc ABS)",0.9400,1,1,1,1,1,1,1,1.0146,1.7921,60.2000,50.5882,3231.5000,0.0000,88.0000,38.0000,19.3100,13.8250
159,7,"Mất tín hiệu tốc độ xe","Mất tín hiệu tốc độ xe (cảm biến, dây dẫn hoặc liên lạc ABS)","P0500",1,"Mất tín hiệu tốc độ xe (cảm biến, dây dẫn hoặc liên lạc ABS)",0.9400,1,1,1,1,1,1,1,1.0642,2.3454,37.5000,51.7647,3211.5000,0.0000,91.0000,37.0000,16.9300,13.8460
160,4,"Bugi mòn","Bugi mòn","P0300 P0301",2,"Bugi mòn",0.6700,1,1,1,5,1,1,1,1.1151,1.6436,89.2000,36.0784,3122.2500,79.0000,91.0000,38.0000,16.1600,13.9100
161,8,"Máy phát hỏng","Hệ thống sạc hỏng (máy phát, bộ điều áp, dây đai)","P0562",1,"Hệ thống sạc hỏng (máy phát, bộ điều áp, dây đai)",0.7900,1,1,1,2,2,0,1,1.5351,1.3322,66.9000,39.2157,2181.2500,54.0000,89.0000,37.0000,9.8200,10.9690
162,5,"Quạt làm mát hỏng","Quạt làm mát không hoạt động","P0217",1,"Quạt làm mát không hoạt động",0.7200,1,1,1,3,2,0,1,0.8415,1.1000,32.4000,9.0196,893.0000,8.0000,110.0000,37.0000,2.8500,13.8300
163,6,"Cảm biến nhiệt độ nước ngắn mạch","Cảm biến nhiệt độ nước làm mát hoặc mạch tín hiệu hỏng","P0117",1,"Cảm biến nhiệt độ nước làm mát hoặc mạch tín hiệu hỏng",0.9325,1,1,1,1,1,1,1,0.6858,1.5649,45.0000,40.0000,2379.7500,48.0000,215.0000,36.0000,9.4100,13.7960
164,4,"Bugi mòn","Bugi mòn","P0300 P0301",2,"Bugi mòn",0.6700,1,1,1,5,1,1,1,0.8673,1.3454,38.2000,31.7647,2821.7500,78.0000,91.0000,37.0000,14.7600,13.8980
165,1,"Rò rỉ chân không","Rò rỉ chân không hoặc khí lọt vào đường nạp","P0171",1,"Rò rỉ chân không hoặc khí lọt vào đường nạp",0.8625,1,1,1,3,1,1,1,1.0510,1.2853,58.5000,5.0980,1146.2500,12.0000,89.0000,37.0000,2.5600,13.7790
166,1,"Rò rỉ chân không","Rò rỉ chân không hoặc khí lọt vào đường nạp","P0171",1,"Rò rỉ chân không hoặc khí lọt vào đường nạp",0.8625,1,1,1,3,1,1,1,0.9743,1.5936,32.5000,8.2353,1418.7500,1.0000,88.0000,38.0000,3.2000,13.7360
167,0,"Xe khỏe","","",0,"",,0,,,0,0,,,0.8189,1.8197,31.1000,5.4902,800.2500,0.0000,89.0000,37.0000,2.5900,13.8670
168,6,"Cảm biến nhiệt độ nước ngắn mạch","Cảm biến nhiệt độ nước làm mát hoặc mạch tín hiệu hỏng","P0117",1,"Cảm biến nhiệt độ nước làm mát hoặc mạch tín hiệu hỏng",0.9325,1,1,1,1,1,1,1,1.0984,1.5182,38.7000,5.0980,776.0000,0.0000,215.0000,37.0000,2.6500,13.7210
169,6,"Cảm biến nhiệt độ nước ngắn mạch","Cảm biến nhiệt độ nước làm mát hoặc mạch tín hiệu hỏng","P0117",1,"Cảm biến nhiệt độ nước làm mát hoặc mạch tín hiệu hỏng",0.9325,1,1,1,1,1,1,1,0.8583,1.2792,63.2000,21.5686,1481.7500,11.0000,215.0000,37.0000,4.0800,13.8010
170,8,"Máy phát hỏng","Hệ thống sạc hỏng (máy phát, bộ điều áp, dây đai)","P0562",1,"Hệ thống sạc hỏng (máy phát, bộ điều áp, dây đai)",0.7900,1,1,1,2,2,0,1,0.9197,1.6789,76.9000,44.7059,2649.7500,55.0000,88.0000,38.0000,12.9300,11.1100
171,3,"Bơm xăng yếu","Áp suất nhiên liệu bất thường (bơm yếu, lọc tắc, bộ điều áp)","P0171",1,"Rò rỉ chân không hoặc khí lọt vào đường nạp",0.4500,3,0,1,3,3,0,1,1.1085,1.2774,56.4000,47.0588,3091.7500,84.0000,87.0000,38.0000,16.0700,13.7250
172,2,"Cảm biến MAF bẩn","Cảm biến MAF sai lệch (bẩn hoặc hỏng)","P0171",1,"Cảm biến MAF sai lệch (bẩn hoặc hỏng)",0.7900,1,1,1,3,2,0,1,0.9122,2.4376,118.3000,9.0196,901.7500,11.0000,88.0000,37.0000,1.5000,13.7820
173,3,"Bơm xăng yếu","Áp suất nhiên liệu bất thường (bơm yếu, lọc tắc, bộ điều áp)","P0171",1,"Rò rỉ chân không hoặc khí lọt vào đường nạp",0.4500,3,0,1,3,3,0,1,1.2647,2.4489,48.9000,25.0980,1869.7500,30.0000,88.0000,37.0000,6.8300,13.8820
174,1,"Rò rỉ chân không","Rò rỉ chân không hoặc khí lọt vào đường nạp","P0171",1,"Rò rỉ chân không hoặc khí lọt vào đường nạp",0.8625,1,1,1,3,1,1,1,1.5006,1.6697,87.3000,8.6275,1487.7500,4.0000,88.0000,38.0000,2.9700,13.8040
175,7,"Mất tín hiệu tốc độ xe","Mất tín hiệu tốc độ xe (cảm biến, dây dẫn hoặc liên lạc ABS)","P0500",1,"Mất tín hiệu tốc độ xe (cảm biến, dây dẫn hoặc liên lạc ABS)",0.9400,1,1,1,1,1,1,1,1.0455,1.5043,48.3000,58.4314,3683.0000,0.0000,88.0000,37.0000,25.2400,13.7530
176,4,"Bugi mòn","Bugi mòn","P0300 P0301",2,"Bugi mòn",0.6700,1,1,1,5,1,1,1,1.1854,1.8230,38.5000,57.2549,3244.0000,87.0000,89.0000,37.0000,19.8800,13.7910
177,6,"Cảm biến nhiệt độ nước ngắn mạch","Cảm biến nhiệt độ nước làm mát hoặc mạch tín hiệu hỏng","P0117",1,"Cảm biến nhiệt độ nước làm mát hoặc mạch tín hiệu hỏng",0.9325,1,1,1,1,1,1,1,1.1797,1.0665,26.1000,40.0000,2724.0000,70.0000,215.0000,37.0000,12.8200,13.8140
178,7,"Mất tín hiệu tốc độ xe","Mất tín hiệu tốc độ xe (cảm biến, dây dẫn hoặc liên lạc ABS)","P0500",1,"Mất tín hiệu tốc độ xe (cảm biến, dây dẫn hoặc liên lạc ABS)",0.9400,1,1,1,1,1,1,1,0.9643,1.1800,24.6000,47.8431,3182.7500,0.0000,90.0000,37.0000,16.6100,13.7910
179,4,"Bugi mòn","Bugi mòn","P0300 P0301",2,"Bugi mòn",0.6700,1,1,1,5,1,1,1,1.0791,1.4267,60.8000,50.9804,3269.5000,79.0000,87.0000,37.0000,18.9400,13.7690
180,8,"Máy phát hỏng","Hệ thống sạc hỏng (máy phát, bộ điều áp, dây đai)","P0562",1,"Hệ thống sạc hỏng (máy phát, bộ điều áp, dây đai)",0.7900,1,1,1,2,2,0,1,0.9772,2.2173,56.2000,46.6667,3212.5000,91.0000,90.0000,37.0000,16.6100,11.0140
181,1,"Rò rỉ chân không","Rò rỉ chân không hoặc khí lọt vào đường nạp","P0171",1,"Rò rỉ chân không hoặc khí lọt vào đường nạp",0.8625,1,1,1,3,1,1,1,1.2057,1.8891,58.4000,5.0980,1337.0000,16.0000,90.0000,38.0000,2.8200,13.7140
182,5,"Quạt làm mát hỏng","Quạt làm mát không hoạt động","P0217",1,"Quạt làm mát không hoạt động",0.7200,1,1,1,3,2,0,1,1.1354,1.8459,57.1000,5.0980,733.7500,2.0000,113.0000,38.0000,2.3800,13.7950
183,0,"Xe khỏe","","",0,"",,0,,,0,0,,,0.9794,1.9878,32.8000,13.7255,1141.7500,5.0000,91.0000,39.0000,2.6600,13.7830
184,5,"Quạt làm mát hỏng","Quạt làm mát không hoạt động","P0217",1,"Quạt làm mát không hoạt động",0.7200,1,1,1,3,2,0,1,1.1109,1.6495,51.0000,7.8431,883.5000,1.0000,112.0000,39.0000,2.8800,13.7950
185,8,"Máy phát hỏng","Hệ thống sạc hỏng (máy phát, bộ điều áp, dây đai)","P0562",1,"Hệ thống sạc hỏng (máy phát, bộ điều áp, dây đai)",0.7900,1,1,1,2,2,0,1,1.6911,1.7821,54.9000,41.5686,2729.2500,60.0000,89.0000,39.0000,12.1500,11.1750
186,8,"Máy phát hỏng","Hệ thống sạc hỏng (máy phát, bộ điều áp, dây đai)","P0562",1,"Hệ thống sạc hỏng (máy phát, bộ điều áp, dây đai)",0.7900,1,1,1,2,2,0,1,1.0701,1.7404,71.2000,46.2745,2899.7500,73.0000,89.0000,38.0000,15.5400,11.2770
187,7,"Mất tín hiệu tốc độ xe","Mất tín hiệu tốc độ xe (cảm biến, dây dẫn hoặc liên lạc ABS)","P0500",1,"Mất tín hiệu tốc độ xe (cảm biến, dây dẫn hoặc liên lạc ABS)",0.9400,1,1,1,1,1,1,1,1.1057,1.7717,58.7000,62.3529,3395.7500,0.0000,88.0000,38.0000,20.3100,13.8130
188,7,"Mất tín hiệu tốc độ xe","Mất tín hiệu tốc độ xe (cảm biến, dây dẫn hoặc liên lạc ABS)","P0500",1,"Mất tín hiệu tốc độ xe (cảm biến, dây dẫn hoặc liên lạc ABS)",0.9400,1,1,1,1,1,1,1,1.7021,1.8898,80.2000,47.8431,3349.0000,0.0000,87.0000,37.0000,20.1000,13.8390
189,7,"Mất tín hiệu tốc độ xe","Mất tín hiệu tốc độ xe (cảm biến, dây dẫn hoặc liên lạc ABS)","P0500",1,"Mất tín hiệu tốc độ xe (cảm biến, dây dẫn hoặc liên lạc ABS)",0.9400,1,1,1,1,1,1,1,1.0956,1.5915,41.1000,53.7255,3226.2500,0.0000,88.0000,38.0000,18.3000,13.7620
190,2,"Cảm biến MAF bẩn","Cảm biến MAF sai lệch (bẩn hoặc hỏng)","P0171",1,"Cảm biến MAF sai lệch (bẩn hoặc hỏng)",0.7900,1,1,1,3,2,0,1,0.9459,1.7223,73.7000,9.0196,905.7500,0.0000,89.0000,38.0000,1.4900,13.7980
191,2,"Cảm biến MAF bẩn","Cảm biến MAF sai lệch (bẩn hoặc hỏng)","P0171",1,"Cảm biến MAF sai lệch (bẩn hoặc hỏng)",0.7900,1,1,1,3,2,0,1,0.8848,2.4940,64.3000,7.8431,921.2500,0.0000,88.0000,38.0000,1.6700,13.8140
192,7,"Mất tín hiệu tốc độ xe","Mất tín hiệu tốc độ xe (cảm biến, dây dẫn hoặc liên lạc ABS)","P0500",1,"Mất tín hiệu tốc độ xe (cảm biến, dây dẫn hoặc liên lạc ABS)",0.9400,1,1,1,1,1,1,1,1.3394,1.7595,38.0000,55.6863,3358.0000,0.0000,88.0000,38.0000,21.2200,13.8440
193,3,"Bơm xăng yếu","Áp suất nhiên liệu bất thường (bơm yếu, lọc tắc, bộ điều áp)","P0171",1,"Rò rỉ chân không hoặc khí lọt vào đường nạp",0.4500,3,0,1,3,3,0,1,0.9767,1.4584,69.0000,45.4902,2936.0000,76.0000,89.0000,39.0000,14.6500,13.7710
194,8,"Máy phát hỏng","Hệ thống sạc hỏng (máy phát, bộ điều áp, dây đai)","P0562",1,"Hệ thống sạc hỏng (máy phát, bộ điều áp, dây đai)",0.7900,1,1,1,2,2,0,1,0.7840,1.8512,68.6000,50.1961,3278.7500,89.0000,90.0000,39.0000,17.5400,11.3180
195,3,"Bơm xăng yếu","Áp suất nhiên liệu bất thường (bơm yếu, lọc tắc, bộ điều áp)","P0171",1,"Rò rỉ chân không hoặc khí lọt vào đường nạp",0.4500,3,0,1,3,3,0,1,0.9320,2.0768,49.9000,49.8039,3221.2500,93.0000,91.0000,38.0000,16.5400,13.8360
196,3,"Bơm xăng yếu","Áp suất nhiên liệu bất thường (bơm yếu, lọc tắc, bộ điều áp)","P0171",1,"Rò rỉ chân không hoặc khí lọt vào đường nạp",0.4500,3,0,1,3,3,0,1,0.9896,2.2156,48.5000,46.2745,3162.5000,86.0000,91.0000,38.0000,16.5500,13.8180
197,6,"Cảm biến nhiệt độ nước ngắn mạch","Cảm biến nhiệt độ nước làm mát hoặc mạch tín hiệu hỏng","P0117",1,"Cảm biến nhiệt độ nước làm mát hoặc mạch tín hiệu hỏng",0.9325,1,1,1,1,1,1,1,0.6572,1.7719,59.9000,56.4706,3392.0000,97.0000,215.0000,38.0000,18.8300,13.8220
198,0,"Xe khỏe","","",0,"",,0,,,0,0,,,1.0550,1.9125,20.3000,51.3725,3166.2500,95.0000,90.0000,38.0000,18.6800,13.8360
199,3,"Bơm xăng yếu","Áp suất nhiên liệu bất thường (bơm yếu, lọc tắc, bộ điều áp)","P0171",1,"Rò rỉ chân không hoặc khí lọt vào đường nạp",0.4500,3,0,1,3,3,0,1,1.2007,1.3371,62.1000,48.2353,2874.2500,80.0000,89.0000,37.0000,15.0800,13.7900
200,6,"Cảm biến nhiệt độ nước ngắn mạch","Cảm biến nhiệt độ nước làm mát hoặc mạch tín hiệu hỏng","P0117",1,"Cảm biến nhiệt độ nước làm mát hoặc mạch tín hiệu hỏng",0.9325,1,1,1,1,1,1,1,1.7082,1.5021,42.8000,24.7059,1918.0000,57.0000,215.0000,37.0000,4.6800,13.8360
201,5,"Quạt làm mát hỏng","Quạt làm mát không hoạt động","P0217",1,"Quạt làm mát không hoạt động",0.7200,1,1,1,3,2,0,1,1.1031,1.3761,67.9000,6.2745,952.2500,8.0000,108.0000,38.0000,2.6300,13.7880
202,3,"Bơm xăng yếu","Áp suất nhiên liệu bất thường (bơm yếu, lọc tắc, bộ điều áp)","P0171",1,"Rò rỉ chân không hoặc khí lọt vào đường nạp",0.4500,3,0,1,3,3,0,1,0.9701,1.5457,52.9000,21.1765,1620.2500,23.0000,87.0000,38.0000,6.1900,13.8670
203,0,"Xe khỏe","","",0,"",,0,,,0,0,,,1.0855,1.2674,40.6000,11.7647,1385.7500,19.0000,85.0000,38.0000,3.5100,13.8710
204,4,"Bugi mòn","Bugi mòn","P0300 P0301",2,"Bugi mòn",0.6700,1,1,1,5,1,1,1,1.0237,1.8813,153.8000,34.9020,1700.2500,25.0000,86.0000,37.0000,6.2600,13.8930
205,6,"Cảm biến nhiệt độ nước ngắn mạch","Cảm biến nhiệt độ nước làm mát hoặc mạch tín hiệu hỏng","P0117",1,"Cảm biến nhiệt độ nước làm mát hoặc mạch tín hiệu hỏng",0.9325,1,1,1,1,1,1,1,0.8745,1.3394,65.1000,21.9608,1919.0000,43.0000,215.0000,37.0000,7.0500,13.7270
206,6,"Cảm biến nhiệt độ nước ngắn mạch","Cảm biến nhiệt độ nước làm mát hoặc mạch tín hiệu hỏng","P0117",1,"Cảm biến nhiệt độ nước làm mát hoặc mạch tín hiệu hỏng",0.9325,1,1,1,1,1,1,1,1.0091,1.9147,61.5000,8.2353,878.5000,9.0000,215.0000,37.0000,2.2800,13.8460
207,1,"Rò rỉ chân không","Rò rỉ chân không hoặc khí lọt vào đường nạp","P0171",1,"Rò rỉ chân không hoặc khí lọt vào đường nạp",0.8625,1,1,1,3,1,1,1,1.3715,1.5066,51.1000,7.4510,1363.0000,1.0000,89.0000,36.0000,3.0700,13.8430
208,1,"Rò rỉ chân không","Rò rỉ chân không hoặc khí lọt vào đường nạp","P0171",1,"Rò rỉ chân không hoặc khí lọt vào đường nạp",0.8625,1,1,1,3,1,1,1,1.1277,1.8008,54.7000,5.0980,1286.0000,0.0000,90.0000,36.0000,2.9500,13.7350
209,2,"Cảm biến MAF bẩn","Cảm biến MAF sai lệch (bẩn hoặc hỏng)","P0171",1,"Rò rỉ chân không hoặc khí lọt vào đường nạp",0.4500,2,0,1,3,2,0,1,1.0982,1.5505,67.5000,7.8431,1014.7500,0.0000,88.0000,36.0000,1.9400,13.8330
210,0,"Xe khỏe","","",0,"",,0,,,0,0,,,1.1946,2.2374,37.7000,14.5098,1655.0000,14.0000,89.0000,36.0000,5.1400,13.8240
211,8,"Máy phát hỏng","Hệ thống sạc hỏng (máy phát, bộ điều áp, dây đai)","P0562",1,"Hệ thống sạc hỏng (máy phát, bộ điều áp, dây đai)",0.7900,1,1,1,2,2,0,1,0.8819,1.6641,79.7000,32.5490,2525.0000,65.0000,89.0000,36.0000,10.2600,11.2780
212,2,"Cảm biến MAF bẩn","Cảm biến MAF sai lệch (bẩn hoặc hỏng)","P0171",1,"Cảm biến MAF sai lệch (bẩn hoặc hỏng)",0.7900,1,1,1,3,2,0,1,1.0649,1.1722,56.4000,5.8824,752.7500,8.0000,90.0000,36.0000,1.2700,13.7950
213,4,"Bugi mòn","Bugi mòn","P0300 P0301",2,"Bugi mòn",0.6700,1,1,1,5,1,1,1,0.8913,1.6469,75.7000,34.5098,2228.0000,34.0000,90.0000,36.0000,8.9500,13.7750
214,1,"Rò rỉ chân không","Rò rỉ chân không hoặc khí lọt vào đường nạp","P0171",1,"Rò rỉ chân không hoặc khí lọt vào đường nạp",0.8625,1,1,1,3,1,1,1,0.8744,2.1260,147.6000,7.4510,1410.2500,8.0000,90.0000,36.0000,3.2000,13.7690
215,0,"Xe khỏe","","",0,"",,0,,,0,0,,,1.0879,1.0618,32.1000,21.1765,1755.2500,24.0000,90.0000,35.0000,5.4700,13.7420
216,0,"Xe khỏe","","",0,"",,0,,,0,0,,,0.9373,1.7418,21.1000,35.2941,2717.7500,61.0000,91.0000,35.0000,11.1300,13.8270
217,0,"Xe khỏe","","",0,"",,0,,,0,0,,,1.2184,1.1006,30.7000,11.3725,2167.7500,47.0000,90.0000,35.0000,4.5400,13.7340
218,5,"Quạt làm mát hỏng","Quạt làm mát không hoạt động","P0217",1,"Quạt làm mát không hoạt động",0.7200,1,1,1,3,2,0,1,1.0045,2.2903,76.8000,9.0196,888.0000,6.0000,113.0000,34.0000,2.8000,13.8410
219,2,"Cảm biến MAF bẩn","Cảm biến MAF sai lệch (bẩn hoặc hỏng)","P0171",1,"Cảm biến MAF sai lệch (bẩn hoặc hỏng)",0.7900,1,1,1,3,2,0,1,1.2244,1.7756,102.6000,8.2353,888.5000,1.0000,89.0000,33.0000,1.4800,13.8590
220,7,"Mất tín hiệu tốc độ xe","Mất tín hiệu tốc độ xe (cảm biến, dây dẫn hoặc liên lạc ABS)","P0500",1,"Mất tín hiệu tốc độ xe (cảm biến, dây dẫn hoặc liên lạc ABS)",0.9400,1,1,1,1,1,1,1,0.9347,1.8082,37.8000,62.3529,3802.0000,0.0000,88.0000,33.0000,24.1000,13.7790
221,5,"Quạt làm mát hỏng","Quạt làm mát không hoạt động","P0217",1,"Quạt làm mát không hoạt động",0.7200,1,1,1,3,2,0,1,1.2146,1.7123,72.4000,5.4902,833.7500,0.0000,109.0000,33.0000,2.1300,13.8490
222,4,"Bugi mòn","Bugi mòn","P0300 P0301",2,"Bugi mòn",0.6700,1,1,1,5,1,1,1,1.0816,1.7298,64.9000,15.2941,1166.2500,4.0000,89.0000,34.0000,3.7100,13.8190
223,6,"Cảm biến nhiệt độ nước ngắn mạch","Cảm biến nhiệt độ nước làm mát hoặc mạch tín hiệu hỏng","P0117",1,"Cảm biến nhiệt độ nước làm mát hoặc mạch tín hiệu hỏng",0.9325,1,1,1,1,1,1,1,1.0156,2.0625,45.9000,13.3333,1301.7500,11.0000,215.0000,33.0000,4.1100,13.8820
224,1,"Rò rỉ chân không","Rò rỉ chân không hoặc khí lọt vào đường nạp","P0171",1,"Rò rỉ chân không hoặc khí lọt vào đường nạp",0.8625,1,1,1,3,1,1,1,0.9783,1.6344,48.5000,7.0588,1276.2500,2.0000,90.0000,33.0000,2.4400,13.8530
225,5,"Quạt làm mát hỏng","Quạt làm mát không hoạt động","P0217",1,"Quạt làm mát không hoạt động",0.7200,1,1,1,3,2,0,1,0.8406,1.8076,57.6000,7.4510,893.5000,0.0000,110.0000,34.0000,2.8900,13.7340
226,5,"Quạt làm mát hỏng","Quạt làm mát không hoạt động","P0217",1,"Quạt làm mát không hoạt động",0.7200,1,1,1,3,2,0,1,1.2129,1.6766,84.4000,5.4902,816.5000,0.0000,110.0000,34.0000,2.4200,13.7730
227,3,"Bơm xăng yếu","Áp suất nhiên liệu bất thường (bơm yếu, lọc tắc, bộ điều áp)","P0171",1,"Rò rỉ chân không hoặc khí lọt vào đường nạp",0.4500,3,0,1,3,3,0,1,1.2112,1.3101,71.7000,29.8039,2067.5000,36.0000,87.0000,34.0000,8.6200,13.8080
228,7,"Mất tín hiệu tốc độ xe","Mất tín hiệu tốc độ xe (cảm biến, dây dẫn hoặc liên lạc ABS)","P0500",1,"Mất tín hiệu tốc độ xe (cảm biến, dây dẫn hoặc liên lạc ABS)",0.9400,1,1,1,1,1,1,1,0.9543,2.1301,50.4000,51.3725,3434.7500,0.0000,89.0000,34.0000,20.4800,13.8060
229,3,"Bơm xăng yếu","Áp suất nhiên liệu bất thường (bơm yếu, lọc tắc, bộ điều áp)","P0171",1,"Rò rỉ chân không hoặc khí lọt vào đường nạp",0.4500,3,0,1,3,3,0,1,0.9899,1.1054,60.6000,50.1961,3133.7500,74.0000,90.0000,34.0000,17.4300,13.7710
230,0,"Xe khỏe","","",0,"",,0,,,0,0,,,0.8900,2.0614,35.3000,30.5882,2790.0000,89.0000,90.0000,34.0000,9.6000,13.8420
231,1,"Rò rỉ chân không","Rò rỉ chân không hoặc khí lọt vào đường nạp","P0171",1,"Rò rỉ chân không hoặc khí lọt vào đường nạp",0.8625,1,1,1,3,1,1,1,0.9864,2.4294,71.2000,7.0588,1259.2500,14.0000,87.0000,34.0000,2.9900,13.7690
232,7,"Mất tín hiệu tốc độ xe","Mất tín hiệu tốc độ xe (cảm biến, dây dẫn hoặc liên lạc ABS)","P0500",1,"Mất tín hiệu tốc độ xe (cảm biến, dây dẫn hoặc liên lạc ABS)",0.9400,1,1,1,1,1,1,1,1.3636,1.7705,47.4000,47.0588,3022.0000,0.0000,85.0000,34.0000,16.8400,13.8330
233,3,"Bơm xăng yếu","Áp suất nhiên liệu bất thường (bơm yếu, lọc tắc, bộ điều áp)","P0171",1,"Rò rỉ chân không hoặc khí lọt vào đường nạp",0.4500,3,0,1,3,3,0,1,0.9780,1.0939,56.3000,45.4902,3037.2500,73.0000,86.0000,34.0000,15.1600,13.8920
234,2,"Cảm biến MAF bẩn","Cảm biến MAF sai lệch (bẩn hoặc hỏng)","P0171",1,"Cảm biến MAF sai lệch (bẩn hoặc hỏng)",0.7900,1,1,1,3,2,0,1,0.9534,1.5962,125.4000,9.0196,872.5000,12.0000,84.0000,33.0000,1.3200,13.7620
235,3,"Bơm xăng yếu","Áp suất nhiên liệu bất thường (bơm yếu, lọc tắc, bộ điều áp)","P0171",1,"Rò rỉ chân không hoặc khí lọt vào đường nạp",0.4500,3,0,1,3,3,0,1,0.9111,1.4152,45.2000,23.5294,1560.5000,23.0000,87.0000,33.0000,5.2300,13.8300
236,2,"Cảm biến MAF bẩn","Cảm biến MAF sai lệch (bẩn hoặc hỏng)","P0171",1,"Cảm biến MAF sai lệch (bẩn hoặc hỏng)",0.7900,1,1,1,3,2,0,1,0.9123,1.4493,51.6000,6.6667,833.7500,4.0000,88.0000,33.0000,1.4900,13.7780
237,8,"Máy phát hỏng","Hệ thống sạc hỏng (máy phát, bộ điều áp, dây đai)","P0562",1,"Hệ thống sạc hỏng (máy phát, bộ điều áp, dây đai)",0.7900,1,1,1,2,2,0,1,1.6678,1.3110,68.1000,23.5294,2073.5000,35.0000,88.0000,33.0000,8.5100,11.2500
238,2,"Cảm biến MAF bẩn","Cảm biến MAF sai lệch (bẩn hoặc hỏng)","P0171",1,"Cảm biến MAF sai lệch (bẩn hoặc hỏng)",0.7900,1,1,1,3,2,0,1,0.9428,1.9653,86.7000,7.0588,997.2500,5.0000,86.0000,32.0000,1.4600,13.7420
239,7,"Mất tín hiệu tốc độ xe","Mất tín hiệu tốc độ xe (cảm biến, dây dẫn hoặc liên lạc ABS)","P0500",1,"Mất tín hiệu tốc độ xe (cảm biến, dây dẫn hoặc liên lạc ABS)",0.9400,1,1,1,1,1,1,1,1.0375,1.3444,65.4000,47.4510,3354.0000,0.0000,86.0000,33.0000,18.9200,13.7370
240,0,"Xe khỏe","","",0,"",,0,,,0,0,,,1.1011,1.9086,77.7000,56.0784,3550.0000,95.0000,87.0000,32.0000,20.5700,13.8310
241,4,"Bugi mòn","Bugi mòn","P0300 P0301",2,"Bugi mòn",0.6700,1,1,1,5,1,1,1,1.0142,1.5129,72.3000,50.1961,2600.7500,86.0000,87.0000,32.0000,16.6300,13.7960
242,6,"Cảm biến nhiệt độ nước ngắn mạch","Cảm biến nhiệt độ nước làm mát hoặc mạch tín hiệu hỏng","P0117",1,"Cảm biến nhiệt độ nước làm mát hoặc mạch tín hiệu hỏng",0.9325,1,1,1,1,1,1,1,1.0322,1.5244,45.9000,23.5294,2084.7500,75.0000,215.0000,32.0000,7.6100,13.8150
243,1,"Rò rỉ chân không","Rò rỉ chân không hoặc khí lọt vào đường nạp","P0171",1,"Rò rỉ chân không hoặc khí lọt vào đường nạp",0.8625,1,1,1,3,1,1,1,0.8375,1.1512,57.7000,8.2353,1396.0000,12.0000,87.0000,31.0000,3.2200,13.8010
244,6,"Cảm biến nhiệt độ nước ngắn mạch","Cảm biến nhiệt độ nước làm mát hoặc mạch tín hiệu hỏng","P0117",1,"Cảm biến nhiệt độ nước làm mát hoặc mạch tín hiệu hỏng",0.9325,1,1,1,1,1,1,1,0.9617,2.2740,38.5000,5.0980,967.2500,2.0000,215.0000,31.0000,2.8200,13.8300
245,0,"Xe khỏe","","",0,"",,0,,,0,0,,,1.0616,1.2845,21.3000,5.0980,924.0000,6.0000,88.0000,31.0000,2.5200,13.8450
246,1,"Rò rỉ chân không","Rò rỉ chân không hoặc khí lọt vào đường nạp","P0171",1,"Rò rỉ chân không hoặc khí lọt vào đường nạp",0.8625,1,1,1,3,1,1,1,0.9527,2.4245,71.6000,6.6667,1258.5000,1.0000,88.0000,31.0000,3.0700,13.8600
247,4,"Bugi mòn","Bugi mòn","P0300 P0301",2,"Bugi mòn",0.6700,1,1,1,5,1,1,1,0.8902,1.5076,44.1000,18.8235,1882.7500,26.0000,88.0000,31.0000,5.5000,13.7790
248,1,"Rò rỉ chân không","Rò rỉ chân không hoặc khí lọt vào đường nạp","P0171",1,"Rò rỉ chân không hoặc khí lọt vào đường nạp",0.8625,1,1,1,3,1,1,1,0.7335,1.6266,66.4000,7.0588,1303.0000,4.0000,87.0000,31.0000,3.2900,13.7650
249,5,"Quạt làm mát hỏng","Quạt làm mát không hoạt động","P0217",1,"Quạt làm mát không hoạt động",0.7200,1,1,1,3,2,0,1,0.9776,1.2413,45.0000,7.8431,743.5000,1.0000,109.0000,32.0000,2.3400,13.6650
250,5,"Quạt làm mát hỏng","Quạt làm mát không hoạt động","P0217",1,"Quạt làm mát không hoạt động",0.7200,1,1,1,3,2,0,1,0.8562,0.9893,61.7000,5.0980,762.5000,0.0000,111.0000,31.0000,2.9700,13.7140
251,2,"Cảm biến MAF bẩn","Cảm biến MAF sai lệch (bẩn hoặc hỏng)","P0171",1,"Cảm biến MAF sai lệch (bẩn hoặc hỏng)",0.7900,1,1,1,3,2,0,1,0.9334,1.4751,63.3000,8.2353,948.5000,0.0000,84.0000,31.0000,1.4700,13.7810
252,3,"Bơm xăng yếu","Áp suất nhiên liệu bất thường (bơm yếu, lọc tắc, bộ điều áp)","P0171",1,"Rò rỉ chân không hoặc khí lọt vào đường nạp",0.4500,3,0,1,3,3,0,1,0.9671,1.9677,60.9000,29.0196,1875.5000,29.0000,86.0000,31.0000,7.4000,13.8870
253,4,"Bugi mòn","Bugi mòn","P0300 P0301",2,"Bugi mòn",0.6700,1,1,1,5,1,1,1,0.9793,1.4532,64.3000,58.4314,3217.2500,70.0000,86.0000,32.0000,18.8500,13.8690
254,2,"Cảm biến MAF bẩn","Cảm biến MAF sai lệch (bẩn hoặc hỏng)","P0171",1,"Cảm biến MAF sai lệch (bẩn hoặc hỏng)",0.7900,1,1,1,3,2,0,1,1.1133,1.5810,48.8000,9.0196,915.7500,11.0000,87.0000,31.0000,1.7000,13.7200
255,5,"Quạt làm mát hỏng","Quạt làm mát không hoạt động","P0217",1,"Quạt làm mát không hoạt động",0.7200,1,1,1,3,2,0,1,1.0059,1.3981,46.7000,7.4510,810.2500,1.0000,110.0000,32.0000,2.9900,13.7240
256,2,"Cảm biến MAF bẩn","Cảm biến MAF sai lệch (bẩn hoặc hỏng)","P0171",1,"Cảm biến MAF sai lệch (bẩn hoặc hỏng)",0.7900,1,1,1,3,2,0,1,0.9458,1.4400,47.7000,7.0588,670.5000,0.0000,88.0000,32.0000,1.2900,13.8470
257,2,"Cảm biến MAF bẩn","Cảm biến MAF sai lệch (bẩn hoặc hỏng)","P0171",1,"Cảm biến MAF sai lệch (bẩn hoặc hỏng)",0.7900,1,1,1,3,2,0,1,0.8199,1.1802,68.3000,7.0588,742.0000,0.0000,90.0000,32.0000,1.4100,13.7730
258,0,"Xe khỏe","","",0,"",,0,,,0,0,,,1.3877,1.8915,25.4000,5.0980,1054.2500,2.0000,89.0000,32.0000,3.0300,13.8040
259,3,"Bơm xăng yếu","Áp suất nhiên liệu bất thường (bơm yếu, lọc tắc, bộ điều áp)","P0171",1,"Rò rỉ chân không hoặc khí lọt vào đường nạp",0.4500,3,0,1,3,3,0,1,0.8605,2.6630,62.9000,32.9412,2347.2500,50.0000,89.0000,31.0000,10.0400,13.7630
260,6,"Cảm biến nhiệt độ nước ngắn mạch","Cảm biến nhiệt độ nước làm mát hoặc mạch tín hiệu hỏng","P0117",1,"Cảm biến nhiệt độ nước làm mát hoặc mạch tín hiệu hỏng",0.9325,1,1,1,1,1,1,1,1.4586,1.5201,45.2000,39.2157,2850.7500,84.0000,215.0000,31.0000,14.6900,13.7720
261,2,"Cảm biến MAF bẩn","Cảm biến MAF sai lệch (bẩn hoặc hỏng)","P0171",1,"Cảm biến MAF sai lệch (bẩn hoặc hỏng)",0.7900,1,1,1,3,2,0,1,1.2462,1.1921,91.4000,6.6667,868.7500,11.0000,89.0000,31.0000,1.3800,13.7920
262,6,"Cảm biến nhiệt độ nước ngắn mạch","Cảm biến nhiệt độ nước làm mát hoặc mạch tín hiệu hỏng","P0117",1,"Cảm biến nhiệt độ nước làm mát hoặc mạch tín hiệu hỏng",0.9325,1,1,1,1,1,1,1,0.7051,1.5759,58.3000,9.4118,974.5000,3.0000,215.0000,31.0000,2.7400,13.8650
263,4,"Bugi mòn","Bugi mòn","P0300 P0301",2,"Bugi mòn",0.6700,1,1,1,5,1,1,1,0.9468,1.6304,80.6000,23.5294,1956.7500,25.0000,90.0000,31.0000,7.3100,13.7480
264,2,"Cảm biến MAF bẩn","Cảm biến MAF sai lệch (bẩn hoặc hỏng)","P0171",1,"Cảm biến MAF sai lệch (bẩn hoặc hỏng)",0.7900,1,1,1,3,2,0,1,0.8212,1.6724,70.4000,8.6275,988.5000,3.0000,90.0000,31.0000,1.6000,13.8190
265,4,"Bugi mòn","Bugi mòn","P0300 P0301",2,"Bugi mòn",0.6700,1,1,1,5,1,1,1,0.8152,1.9235,59.1000,10.9804,789.7500,1.0000,89.0000,32.0000,2.4300,13.8180
266,2,"Cảm biến MAF bẩn","Cảm biến MAF sai lệch (bẩn hoặc hỏng)","P0171",1,"Cảm biến MAF sai lệch (bẩn hoặc hỏng)",0.7900,1,1,1,3,2,0,1,0.7041,1.9033,70.5000,7.4510,957.0000,0.0000,88.0000,32.0000,1.4700,13.6880
267,3,"Bơm xăng yếu","Áp suất nhiên liệu bất thường (bơm yếu, lọc tắc, bộ điều áp)","P0171",1,"Rò rỉ chân không hoặc khí lọt vào đường nạp",0.4500,3,0,1,3,3,0,1,0.8914,2.1537,42.5000,25.8824,2110.5000,26.0000,89.0000,32.0000,8.2000,13.8390
268,7,"Mất tín hiệu tốc độ xe","Mất tín hiệu tốc độ xe (cảm biến, dây dẫn hoặc liên lạc ABS)","P0500",1,"Mất tín hiệu tốc độ xe (cảm biến, dây dẫn hoặc liên lạc ABS)",0.9400,1,1,1,1,1,1,1,1.1079,2.2676,42.4000,45.0980,3081.5000,0.0000,90.0000,32.0000,15.9300,13.8700
269,2,"Cảm biến MAF bẩn","Cảm biến MAF sai lệch (bẩn hoặc hỏng)","P0171",1,"Cảm biến MAF sai lệch (bẩn hoặc hỏng)",0.7900,1,1,1,3,2,0,1,1.2628,1.9616,79.3000,5.8824,782.5000,0.0000,93.0000,31.0000,1.3900,13.8510
270,8,"Máy phát hỏng","Hệ thống sạc hỏng (máy phát, bộ điều áp, dây đai)","P0562",1,"Hệ thống sạc hỏng (máy phát, bộ điều áp, dây đai)",0.7900,1,1,1,2,2,0,1,1.1601,1.4500,49.3000,36.8627,2183.5000,39.0000,92.0000,31.0000,10.6300,11.3430
